,Districs,Latitude,Longitude,Venue,Venue Latitude,Venue Longitude,Venue Category
0,Cilandak,-6.28381815,106.80486349194814,Zap Permanent Hair Removal,-6.283846070747885,106.80733216073044,Health & Beauty Service
1,Cilandak,-6.28381815,106.80486349194814,Twin House Noodles & Beyond,-6.278724750563614,106.80489359733292,Noodle House
2,Cilandak,-6.28381815,106.80486349194814,Bulaf Cafe,-6.287186667239931,106.80128800780565,Café
3,Cilandak,-6.28381815,106.80486349194814,Sophie Authentique,-6.277665350872448,106.80190421455421,French Restaurant
4,Cilandak,-6.28381815,106.80486349194814,Apotek Aji Waras,-6.278052903654022,106.8063641951594,Pharmacy
5,Cilandak,-6.28381815,106.80486349194814,Ayam Goreng Presto,-6.277884380658251,106.80312408759261,Restaurant
6,Cilandak,-6.28381815,106.80486349194814,Tuku,-6.27772447898611,106.80150562896905,Coffee Shop
7,Cilandak,-6.28381815,106.80486349194814,Jakarta Coffee House,-6.278046828891716,106.80439626983471,Coffee Shop
8,Cilandak,-6.28381815,106.80486349194814,Toodz House,-6.277903149071223,106.80181594021266,Café
9,Cilandak,-6.28381815,106.80486349194814,Srsly Coffee,-6.277820744085363,106.80571207895039,Coffee Shop
10,Cilandak,-6.28381815,106.80486349194814,Pagi Sore,-6.2773953689367294,106.7993024318945,Padangnese Restaurant
11,Cilandak,-6.28381815,106.80486349194814,Holycow! Steakhouse,-6.291587819998643,106.80092272960407,Steakhouse
12,Cilandak,-6.28381815,106.80486349194814,W&S,-6.2919065478539355,106.80106121783606,Wine Bar
13,Cilandak,-6.28381815,106.80486349194814,Crematology x Cipete,-6.27774565481843,106.80255606388467,Coffee Shop
14,Cilandak,-6.28381815,106.80486349194814,Animo Bakery,-6.2767524690799625,106.7988412319126,Bakery
15,Cilandak,-6.28381815,106.80486349194814,Pagi Sore,-6.2790284805434275,106.81320759882453,Padangnese Restaurant
16,Cilandak,-6.28381815,106.80486349194814,Nasi Goreng MPR,-6.279344100686535,106.79713530642094,Food Truck
17,Cilandak,-6.28381815,106.80486349194814,Ikan Bakar Cianjur,-6.27795241644849,106.80722360900107,Sundanese Restaurant
18,Cilandak,-6.28381815,106.80486349194814,JENJA Jakarta,-6.2918491882970695,106.80101581748337,Nightclub
19,Cilandak,-6.28381815,106.80486349194814,Bebek Tepi Sawah,-6.2917002339266,106.79966367350124,Asian Restaurant
20,Cilandak,-6.28381815,106.80486349194814,TOUS les JOURS,-6.291654836724061,106.79972971462867,Bakery
21,Cilandak,-6.28381815,106.80486349194814,ACE Hardware,-6.283972716374345,106.79600707798454,Hardware Store
22,Cilandak,-6.28381815,106.80486349194814,Nasi Pedes Cipete,-6.278084,106.805458,Indonesian Restaurant
23,Cilandak,-6.28381815,106.80486349194814,Gordi HQ,-6.284174581185481,106.81181919232249,Coffee Shop
24,Cilandak,-6.28381815,106.80486349194814,All Fresh,-6.2927934963122825,106.80145741735295,Fruit & Vegetable Store
25,Cilandak,-6.28381815,106.80486349194814,Ayam Goreng PRESTO,-6.2779331352755445,106.80305484089135,Asian Restaurant
26,Cilandak,-6.28381815,106.80486349194814,Starbucks,-6.291290419435248,106.80464962803612,Coffee Shop
27,Cilandak,-6.28381815,106.80486349194814,LEGO Store,-6.291684729177261,106.79976045743972,Toy / Game Store
28,Cilandak,-6.28381815,106.80486349194814,Coquelicot Le Bistro,-6.278229728306924,106.80954151159271,French Restaurant
29,Cilandak,-6.28381815,106.80486349194814,Bermvda,-6.29162050135568,106.80038524265234,Coffee Shop
30,Cilandak,-6.28381815,106.80486349194814,Baskin-Robbins,-6.291314212487577,106.79966801471473,Ice Cream Shop
31,Cilandak,-6.28381815,106.80486349194814,DUA Coffee Cipete,-6.2778149010020305,106.8005297433268,Coffee Shop
32,Cilandak,-6.28381815,106.80486349194814,"Soto Ayam Ambengan ""Cak Di""",-6.273937238115246,106.80890317974098,Javanese Restaurant
33,Cilandak,-6.28381815,106.80486349194814,Papaya Fresh Gallery,-6.281454793166917,106.7946378423885,Grocery Store
34,Cilandak,-6.28381815,106.80486349194814,Soto Banjar Nyaman Ibu H. Amir,-6.283950930041807,106.80711139682978,Soup Place
35,Cilandak,-6.28381815,106.80486349194814,Starbucks,-6.291604031525294,106.79981755759614,Coffee Shop
36,Cilandak,-6.28381815,106.80486349194814,Kedai Tansu (Ketan Susu),-6.289238767051125,106.80210185742551,Café
37,Cilandak,-6.28381815,106.80486349194814,Cilandak Town Square,-6.2915974574066285,106.79973344402265,Shopping Mall
38,Cilandak,-6.28381815,106.80486349194814,McDonald's / McCafé,-6.277836656568321,106.7976333714611,Fast Food Restaurant
39,Cilandak,-6.28381815,106.80486349194814,Shisha Cafe,-6.291618522685622,106.80023607137618,Hookah Bar
40,Cilandak,-6.28381815,106.80486349194814,Ayam Geprek Wong Sugih,-6.287822914083909,106.80694616968961,Food Truck
41,Cilandak,-6.28381815,106.80486349194814,Total Buah Segar,-6.287626009704267,106.79541365563003,Farmers Market
42,Cilandak,-6.28381815,106.80486349194814,Kedai Halaman,-6.2786548238690205,106.80501619859527,Indonesian Restaurant
43,Cilandak,-6.28381815,106.80486349194814,The Duck King,-6.2917350241999666,106.8005616778267,Asian Restaurant
44,Cilandak,-6.28381815,106.80486349194814,Kedai Kopi Tenong,-6.2779901394123705,106.80355131626129,Coffee Shop
45,Cilandak,-6.28381815,106.80486349194814,DISTRIKT,-6.277805,106.802925,Lounge
46,Cilandak,-6.28381815,106.80486349194814,Fish & Co.™,-6.2917427934884875,106.80060439529383,Fish & Chips Shop
47,Cilandak,-6.28381815,106.80486349194814,Restoran Sederhana,-6.277905910094086,106.80089714289115,Padangnese Restaurant
48,Cilandak,-6.28381815,106.80486349194814,TENYA,-6.291708757925836,106.80021735767163,Japanese Restaurant
49,Cilandak,-6.28381815,106.80486349194814,Maxima Fitness,-6.287643862518904,106.7954850726026,Gym
50,Cilandak,-6.28381815,106.80486349194814,Gold's Gym,-6.29181692910423,106.8008640738405,Gym
51,Cilandak,-6.28381815,106.80486349194814,TITAN Baking,-6.282844721709495,106.79598300025731,Hobby Shop
52,Cilandak,-6.28381815,106.80486349194814,Hotti-Kultura World Diners,-6.277706064118436,106.80240609342637,Diner
53,Cilandak,-6.28381815,106.80486349194814,Martabak Bandung Raya,-6.277570120087113,106.79763219719369,Snack Place
54,Cilandak,-6.28381815,106.80486349194814,Rumah Baba - Betawi Resto & Coffee Spot,-6.277618606684461,106.79994659633483,Restaurant
55,Cilandak,-6.28381815,106.80486349194814,Takarajima,-6.27919352856322,106.79887638909194,Sushi Restaurant
56,Cilandak,-6.28381815,106.80486349194814,Starbucks,-6.291881347146028,106.8085901035234,Coffee Shop
57,Cilandak,-6.28381815,106.80486349194814,Nanny's Pavillon - Garage,-6.291678101327504,106.80055464391701,French Restaurant
58,Cilandak,-6.28381815,106.80486349194814,A&W,-6.277788541652673,106.7996727388647,Fast Food Restaurant
59,Cilandak,-6.28381815,106.80486349194814,Starbucks,-6.2909753117864,106.81075425950246,Coffee Shop
60,Cilandak,-6.28381815,106.80486349194814,Ta Wan,-6.291822728022919,106.80063230405803,Chinese Restaurant
61,Cilandak,-6.28381815,106.80486349194814,Starbucks,-6.280642111783101,106.79616173266696,Coffee Shop
62,Cilandak,-6.28381815,106.80486349194814,Imperial Kitchen & Dimsum,-6.291715327996199,106.80059780072453,Chinese Restaurant
63,Cilandak,-6.28381815,106.80486349194814,Mars Kitchen,-6.287162600332879,106.79542435417193,Café
64,Cilandak,-6.28381815,106.80486349194814,Liberica Coffee,-6.291662406916389,106.8002706579528,Coffee Shop
65,Cilandak,-6.28381815,106.80486349194814,kaosbola,-6.277995636569396,106.80244234972523,Clothing Store
66,Cilandak,-6.28381815,106.80486349194814,Mie Kocok Bandung - Cipete,-6.277549409475176,106.79995709503736,Noodle House
67,Cilandak,-6.28381815,106.80486349194814,TRS Diner,-6.291335236119911,106.79970997154398,Diner
68,Cilandak,-6.28381815,106.80486349194814,DJOURNAL COFFEE,-6.2916420815653,106.79984607228008,Coffee Shop
69,Cilandak,-6.28381815,106.80486349194814,Imbiss Stube,-6.2917051302862275,106.80051692379642,German Restaurant
70,Cilandak,-6.28381815,106.80486349194814,Olive & Capers,-6.291674728271563,106.80032958763326,Café
71,Cilandak,-6.28381815,106.80486349194814,Bakso Gondrong 'Wijaya Kusuma',-6.27920308385015,106.79930137914536,Indonesian Restaurant
72,Cilandak,-6.28381815,106.80486349194814,The Soul Reflexology,-6.290946718474314,106.80004526446311,Massage Studio
73,Cilandak,-6.28381815,106.80486349194814,OTTERHOUND,-6.291680198202048,106.8003648359539,Thai Restaurant
74,Cilandak,-6.28381815,106.80486349194814,Indomaret,-6.279481,106.79826,Convenience Store
75,Cilandak,-6.28381815,106.80486349194814,Bubur Ayam Setia Mitra,-6.281744315058732,106.79621891374784,Breakfast Spot
76,Cilandak,-6.28381815,106.80486349194814,EXCELSO,-6.2916951179504395,106.80008697509766,Coffee Shop
77,Cilandak,-6.28381815,106.80486349194814,Kenko Reflexology,-6.291619969194025,106.79971888004134,Spa
78,Cilandak,-6.28381815,106.80486349194814,Pepper Lunch,-6.291621355236222,106.80012750322153,Steakhouse
79,Cilandak,-6.28381815,106.80486349194814,Tartine,-6.291649079399554,106.80010451494758,French Restaurant
80,Cilandak,-6.28381815,106.80486349194814,Ra Stube,-6.293670818027241,106.80214150082324,German Restaurant
81,Cilandak,-6.28381815,106.80486349194814,Go!Curry,-6.291632136774709,106.80035714498042,Indian Restaurant
82,Cilandak,-6.28381815,106.80486349194814,Burger King,-6.29143518043593,106.79973405043683,Fast Food Restaurant
83,Cilandak,-6.28381815,106.80486349194814,Lawson,-6.277702935799631,106.80073283627081,Convenience Store
84,Cilandak,-6.28381815,106.80486349194814,Häagen-Dazs,-6.291618942586019,106.79997229669443,Ice Cream Shop
85,Cilandak,-6.28381815,106.80486349194814,Mother's Cook Citos,-6.291599,106.800489,Café
86,Cilandak,-6.28381815,106.80486349194814,Abuella,-6.2918011619039325,106.8006609460987,Asian Restaurant
87,Cilandak,-6.28381815,106.80486349194814,Sate Khas Senayan,-6.2917300169665635,106.8006604242943,Indonesian Restaurant
88,Cilandak,-6.28381815,106.80486349194814,Abuba Steak,-6.2785245646179,106.80727261507627,Steakhouse
89,Cilandak,-6.28381815,106.80486349194814,Maxia Scooter,-6.279953236603623,106.79595758296355,Motorcycle Shop
90,Cilandak,-6.28381815,106.80486349194814,Bubur Perancis,-6.274207263819119,106.80057811380523,Breakfast Spot
91,Cilandak,-6.28381815,106.80486349194814,Kedai Disto,-6.277519861037616,106.79884627170661,Food Truck
92,Cilandak,-6.28381815,106.80486349194814,Naked Burrito CITOS,-6.291627122053556,106.8003325753607,Mexican Restaurant
93,Cilandak,-6.28381815,106.80486349194814,Cilandak Sport Center,-6.2904117112504885,106.80031079641039,Gym / Fitness Center
94,Cilandak,-6.28381815,106.80486349194814,Mother's Cook,-6.291622360813393,106.8004146053854,Burger Joint
95,Cilandak,-6.28381815,106.80486349194814,Little Takigawa,-6.291695313281137,106.80024943711892,Japanese Restaurant
96,Cilandak,-6.28381815,106.80486349194814,Do An Vietnamese Experience,-6.291654541927557,106.80064093458573,Vietnamese Restaurant
97,Cilandak,-6.28381815,106.80486349194814,Kopi Luwak,-6.291662585721236,106.80064115868825,Coffee Shop
98,Cilandak,-6.28381815,106.80486349194814,Gramedia,-6.276811711313754,106.79715156555176,Bookstore
99,Cilandak,-6.28381815,106.80486349194814,Food Court Cilandak Town Square,-6.291566396725063,106.79912855342712,Food Court
100,Jagakarsa,-6.3301011,106.82223712288322,Jag's Kitchen,-6.326932456082936,106.81465730975269,Café
101,Jagakarsa,-6.3301011,106.82223712288322,Alfa Midi,-6.3267899409064405,106.82002990643966,Convenience Store
102,Jagakarsa,-6.3301011,106.82223712288322,Kedai H.Asari,-6.334399823819786,106.8277560624557,Indonesian Restaurant
103,Jagakarsa,-6.3301011,106.82223712288322,Standard Mini Market,-6.326818333710591,106.82387662720429,Department Store
104,Jagakarsa,-6.3301011,106.82223712288322,Taman Spathodea,-6.322369870642812,106.82388430917649,Park
105,Jagakarsa,-6.3301011,106.82223712288322,Pusat Jajanan [Perempatan Ubin],-6.330785669448406,106.82911179299768,Food Court
106,Jagakarsa,-6.3301011,106.82223712288322,Bakmie Jogja Cah'nem,-6.331903059284671,106.82864334859146,Noodle House
107,Jagakarsa,-6.3301011,106.82223712288322,Sate Ubin Toni Cirebon,-6.330865913108619,106.82947703446781,Indonesian Restaurant
108,Jagakarsa,-6.3301011,106.82223712288322,Apotek Roxy (Cabang Jagakarsa),-6.3265329006438575,106.82121099445524,Pharmacy
109,Jagakarsa,-6.3301011,106.82223712288322,Kenitu Food Village,-6.336485496978108,106.8301759419368,Food Court
110,Jagakarsa,-6.3301011,106.82223712288322,Bebek Asap kedai H.Asari,-6.334423288127325,106.82776758562994,Indonesian Restaurant
111,Jagakarsa,-6.3301011,106.82223712288322,Papan Seiji,-6.323067,106.814759,Coffee Shop
112,Jagakarsa,-6.3301011,106.82223712288322,The Fiq's Futsal,-6.3279546367432795,106.81229057217982,Soccer Stadium
113,Jagakarsa,-6.3301011,106.82223712288322,Mie Aceh Jaly-Jaly,-6.326838579455961,106.82254764785927,Acehnese Restaurant
114,Jagakarsa,-6.3301011,106.82223712288322,Kedai H. Asari,-6.33443696068098,106.82782355534889,Arcade
115,Jagakarsa,-6.3301011,106.82223712288322,Kampung Betawi Si Pitung Setu Babakan,-6.3404249264431325,106.82399953897081,Other Great Outdoors
116,Jagakarsa,-6.3301011,106.82223712288322,Kedai H. Asari,-6.334453009460183,106.8277374131242,Asian Restaurant
117,Jagakarsa,-6.3301011,106.82223712288322,Sate Ubin Toni Cirebon,-6.3310130108406675,106.82929751384215,BBQ Joint
118,Jagakarsa,-6.3301011,106.82223712288322,Vero Futsal,-6.333722964450298,106.8285776302513,Soccer Stadium
119,Jagakarsa,-6.3301011,106.82223712288322,RM Sate Ubin 'Toni' Cirebon,-6.330902,106.829475,Asian Restaurant
120,Jagakarsa,-6.3301011,106.82223712288322,Hotel Horison Bogor,-6.328455265598143,106.8228818124468,Hotel
121,Jagakarsa,-6.3301011,106.82223712288322,Pasar Lenteng Agung,-6.331108060706249,106.83291274159846,Flea Market
122,Jagakarsa,-6.3301011,106.82223712288322,Cuppa Coffee,-6.326138846444934,106.81925788151673,Café
123,Jagakarsa,-6.3301011,106.82223712288322,Rumah Makan Khas Betawi H Nasun,-6.3359975937604185,106.82662442182747,Asian Restaurant
124,Jagakarsa,-6.3301011,106.82223712288322,Setu Babakan,-6.340644999957944,106.82426456772085,Lake
125,Kebayoran Lama,-6.2491277499999995,106.77778178322814,Perusahaan Kayu Garuda,-6.251480150480374,106.77830402906788,Furniture / Home Store
126,Kebayoran Lama,-6.2491277499999995,106.77778178322814,Tahu Campur & Tahu Tek-Tek Bu Joko,-6.251105170329765,106.78171416441856,Javanese Restaurant
127,Kebayoran Lama,-6.2491277499999995,106.77778178322814,Sheraton Grand Jakarta Gandaria City Hotel,-6.245242,106.783035,Hotel
128,Kebayoran Lama,-6.2491277499999995,106.77778178322814,Wong Hang Tailor,-6.246404799777837,106.78152732423271,Tailor Shop
129,Kebayoran Lama,-6.2491277499999995,106.77778178322814,UNIQLO (ユニクロ) (UNIQLO),-6.244284674297988,106.78353514993667,Clothing Store
130,Kebayoran Lama,-6.2491277499999995,106.77778178322814,Dunkin',-6.246771241503737,106.78143839583561,Donut Shop
131,Kebayoran Lama,-6.2491277499999995,106.77778178322814,Sour Sally,-6.2445917,106.783615,Frozen Yogurt Shop
132,Kebayoran Lama,-6.2491277499999995,106.77778178322814,Liberica Coffee,-6.2452543477396905,106.78387130583798,Coffee Shop
133,Kebayoran Lama,-6.2491277499999995,106.77778178322814,BreadTalk,-6.244315907853528,106.7832899093628,Bakery
134,Kebayoran Lama,-6.2491277499999995,106.77778178322814,Basilico,-6.243103539066353,106.78304907590346,Italian Restaurant
135,Kebayoran Lama,-6.2491277499999995,106.77778178322814,Gandaria XXI - IMAX,-6.2437513286030395,106.78346423965782,Movie Theater
136,Kebayoran Lama,-6.2491277499999995,106.77778178322814,North Pole Café,-6.2446132407492225,106.7832264588386,Ice Cream Shop
137,Kebayoran Lama,-6.2491277499999995,106.77778178322814,Gandaria City,-6.244326852716737,106.78360934656291,Shopping Mall
138,Kebayoran Lama,-6.2491277499999995,106.77778178322814,Tarzan Photo Studio,-6.2501791652003,106.78157303449046,Bridal Shop
139,Kebayoran Lama,-6.2491277499999995,106.77778178322814,CoCo ICHIBANYA,-6.245347865779762,106.7838444175771,Japanese Restaurant
140,Kebayoran Lama,-6.2491277499999995,106.77778178322814,Gandaria XXI,-6.2437682393882215,106.78348293659197,Multiplex
141,Kebayoran Lama,-6.2491277499999995,106.77778178322814,Shaburi,-6.243725431251973,106.78405607256778,Shabu-Shabu Restaurant
142,Kebayoran Lama,-6.2491277499999995,106.77778178322814,Pizza é Birra,-6.244173380574593,106.78422720971031,Pizza Place
143,Kebayoran Lama,-6.2491277499999995,106.77778178322814,The People's Cafe,-6.243044437169874,106.78345919906884,Café
144,Kebayoran Lama,-6.2491277499999995,106.77778178322814,MIYAGI,-6.243930250531507,106.78415972129622,Japanese Restaurant
145,Kebayoran Lama,-6.2491277499999995,106.77778178322814,Eric Kayser Artisan Boulanger,-6.2446294144163,106.78324440978038,Bakery
146,Kebayoran Lama,-6.2491277499999995,106.77778178322814,Jonas Photo,-6.246208155442156,106.78167548742057,Art Gallery
147,Kebayoran Lama,-6.2491277499999995,106.77778178322814,Starbucks,-6.243939138552738,106.78412202777234,Coffee Shop
148,Kebayoran Lama,-6.2491277499999995,106.77778178322814,Anigrè,-6.245472240443027,106.78293946492926,Buffet
149,Kebayoran Lama,-6.2491277499999995,106.77778178322814,Nanny's Pavillon - Sewing Room,-6.2439259059114605,106.7841062088761,French Restaurant
150,Kebayoran Lama,-6.2491277499999995,106.77778178322814,H&M,-6.2442353,106.7831645,Clothing Store
151,Kebayoran Lama,-6.2491277499999995,106.77778178322814,Gramedia,-6.245216132590722,106.78374298920639,Bookstore
152,Kebayoran Lama,-6.2491277499999995,106.77778178322814,Fish & Co.™,-6.243999284123771,106.78419419495678,Fish & Chips Shop
153,Kebayoran Lama,-6.2491277499999995,106.77778178322814,Celebrity Fitness,-6.244987362366483,106.78282376570617,Gym / Fitness Center
154,Kebayoran Lama,-6.2491277499999995,106.77778178322814,Sushi Tei,-6.245414586319159,106.78378008073854,Sushi Restaurant
155,Kebayoran Lama,-6.2491277499999995,106.77778178322814,Marugame Udon,-6.244747890128676,106.78396418153194,Udon Restaurant
156,Kebayoran Lama,-6.2491277499999995,106.77778178322814,Kintan Buffet,-6.243179079719997,106.78360141414282,BBQ Joint
157,Kebayoran Lama,-6.2491277499999995,106.77778178322814,Smørrebrød,-6.243924824407302,106.78323936846546,Sandwich Place
158,Kebayoran Lama,-6.2491277499999995,106.77778178322814,"Tony Roma's Ribs, Seafood, & Steaks",-6.2433837,106.7833164,Steakhouse
159,Kebayoran Lama,-6.2491277499999995,106.77778178322814,Sate Khas Senayan,-6.243381229906805,106.78378034123975,Satay Restaurant
160,Kebayoran Lama,-6.2491277499999995,106.77778178322814,The Harvest - Patissier & Chocolatier,-6.249677778885192,106.78143874510313,Bakery
161,Kebayoran Lama,-6.2491277499999995,106.77778178322814,Mie Aceh Bang Jali,-6.253260721567481,106.7736307751299,Noodle House
162,Kebayoran Lama,-6.2491277499999995,106.77778178322814,Di Bawah Tangga,-6.243086967958947,106.78335991889372,Coffee Shop
163,Kebayoran Lama,-6.2491277499999995,106.77778178322814,REMBOELAN Indonesian Soulfood,-6.24474998741818,106.7838164975852,Indonesian Restaurant
164,Kebayoran Lama,-6.2491277499999995,106.77778178322814,Kwetiau Akang,-6.249827591282116,106.78137539785442,Chinese Restaurant
165,Kebayoran Lama,-6.2491277499999995,106.77778178322814,Bing Go Korean Cafe,-6.243877861174994,106.78414463947365,Dessert Shop
166,Kebayoran Lama,-6.2491277499999995,106.77778178322814,Steak Hotel By Holycow! TKP Gandaria City,-6.244019788313514,106.78412976630274,Steakhouse
167,Kebayoran Lama,-6.2491277499999995,106.77778178322814,RM Padang Garuda,-6.255215801020273,106.78178138505994,Padangnese Restaurant
168,Kebayoran Lama,-6.2491277499999995,106.77778178322814,Bebek Bengil,-6.244106194246194,106.78425556598654,Asian Restaurant
169,Kebayoran Lama,-6.2491277499999995,106.77778178322814,Häagen-Dazs,-6.244114660236306,106.78428118448366,Ice Cream Shop
170,Kebayoran Lama,-6.2491277499999995,106.77778178322814,Bebek Bengil Gandaria City,-6.24424604351805,106.78439853048489,Balinese Restaurant
171,Kebayoran Lama,-6.2491277499999995,106.77778178322814,White Hunter Grill & Bar,-6.244867116160877,106.78403393946456,Steakhouse
172,Kebayoran Lama,-6.2491277499999995,106.77778178322814,La Hoya Comida Mexicana,-6.244523753592211,106.78405182207108,Mexican Restaurant
173,Kebayoran Lama,-6.2491277499999995,106.77778178322814,TOUS les JOURS,-6.243336212546566,106.78372797295718,Bakery
174,Kebayoran Lama,-6.2491277499999995,106.77778178322814,FAT STRAW,-6.24327850188463,106.78372698472614,Bubble Tea Shop
175,Kebayoran Lama,-6.2491277499999995,106.77778178322814,"Sanderson Coffee.Co, Jl. Bintaro Raya No. 8",-6.253372335987075,106.77650475983782,Coffee Shop
176,Kebayoran Lama,-6.2491277499999995,106.77778178322814,T.G.I. Friday's,-6.244736988590044,106.78377501892872,American Restaurant
177,Kebayoran Lama,-6.2491277499999995,106.77778178322814,Seafood 68,-6.250345881353958,106.78156427925273,Seafood Restaurant
178,Kebayoran Lama,-6.2491277499999995,106.77778178322814,Ta Wan,-6.243706102315888,106.7832449979949,Chinese Restaurant
179,Kebayoran Lama,-6.2491277499999995,106.77778178322814,Shirokuma,-6.243356667894884,106.78311461991701,Dessert Shop
180,Kebayoran Lama,-6.2491277499999995,106.77778178322814,Bubur Ayam Special Barito,-6.25828939871293,106.7817297276368,Asian Restaurant
181,Kebayoran Lama,-6.2491277499999995,106.77778178322814,FOOK YEW,-6.245309820755882,106.78380954544991,Chinese Restaurant
182,Kebayoran Lama,-6.2491277499999995,106.77778178322814,Starbucks,-6.2546043,106.78185,Coffee Shop
183,Kebayoran Lama,-6.2491277499999995,106.77778178322814,Bale-Bale Spa,-6.244206965382297,106.78624630703796,Spa
184,Kebayoran Lama,-6.2491277499999995,106.77778178322814,ZENBU House of Mozaru,-6.243185084775851,106.78356523390057,Japanese Restaurant
185,Kebayoran Lama,-6.2491277499999995,106.77778178322814,Hong Tang,-6.244341,106.783966,Dessert Shop
186,Kebayoran Lama,-6.2491277499999995,106.77778178322814,Oh La La,-6.244064319049569,106.78423400390929,Café
187,Kebayoran Lama,-6.2491277499999995,106.77778178322814,Hong Kong Cafe (HKC),-6.243543694977238,106.78323222900661,Asian Restaurant
188,Kebayoran Lama,-6.2491277499999995,106.77778178322814,Jeans Chilli Chicken,-6.244047282868018,106.78429537041863,Fried Chicken Joint
189,Kebayoran Lama,-6.2491277499999995,106.77778178322814,Chung Gi Wa 청기와,-6.243242109631239,106.78355214919824,Korean Restaurant
190,Kebayoran Lama,-6.2491277499999995,106.77778178322814,MG Sports & Music,-6.256844952799844,106.7817458466799,Music Store
191,Kebayoran Lama,-6.2491277499999995,106.77778178322814,Seribu Rasa,-6.243137249901272,106.78332326681421,Seafood Restaurant
192,Kebayoran Lama,-6.2491277499999995,106.77778178322814,Sate H. Basiri,-6.240284504934918,106.78299023552066,BBQ Joint
193,Kebayoran Lama,-6.2491277499999995,106.77778178322814,Yakoya,-6.2568974561869695,106.7814952690344,Japanese Restaurant
194,Kebayoran Lama,-6.2491277499999995,106.77778178322814,Samsung Service Center,-6.252593540964858,106.78160825219524,Tech Startup
195,Kebayoran Lama,-6.2491277499999995,106.77778178322814,Kitchenette,-6.244768023489433,106.78411580454194,Café
196,Kebayoran Lama,-6.2491277499999995,106.77778178322814,Ojju K•Food,-6.245075396291947,106.78372994693203,Korean Restaurant
197,Kebayoran Lama,-6.2491277499999995,106.77778178322814,Halfway,-6.239926021521407,106.78322799151933,Whisky Bar
198,Kebayoran Lama,-6.2491277499999995,106.77778178322814,Nam Nam,-6.243340561964863,106.7838512858733,Vietnamese Restaurant
199,Kebayoran Lama,-6.2491277499999995,106.77778178322814,Tai Parfait,-6.244224648749692,106.78399529747652,Dessert Shop
200,Kebayoran Lama,-6.2491277499999995,106.77778178322814,DJOURNAL COFFEE,-6.244002833491194,106.78420432021615,Coffee Shop
201,Kebayoran Lama,-6.2491277499999995,106.77778178322814,Menya Sakura Ramen,-6.244200824941306,106.78322632707285,Ramen Restaurant
202,Kebayoran Lama,-6.2491277499999995,106.77778178322814,Boat Noodle - Bangkok Street Food,-6.244916009158339,106.7838134581555,Thai Restaurant
203,Kebayoran Lama,-6.2491277499999995,106.77778178322814,Pizza Hut,-6.253183458058839,106.77794112921102,Pizza Place
204,Kebayoran Lama,-6.2491277499999995,106.77778178322814,Payless ShoeSource,-6.244701233030566,106.78357478382699,Shoe Store
205,Kebayoran Lama,-6.2491277499999995,106.77778178322814,PABLO,-6.245026331440154,106.78385328624235,Pie Shop
206,Kebayoran Lama,-6.2491277499999995,106.77778178322814,Dairy Queen,-6.244571594734624,106.78352832452211,Ice Cream Shop
207,Kebayoran Lama,-6.2491277499999995,106.77778178322814,Bakmi Irian,-6.253488475502605,106.77599450185278,Noodle House
208,Kebayoran Lama,-6.2491277499999995,106.77778178322814,Holland Bakery,-6.250460707440842,106.78156439388613,Bakery
209,Kebayoran Lama,-6.2491277499999995,106.77778178322814,KyoChon,-6.244835798404748,106.78404906185271,Korean Restaurant
210,Kebayoran Lama,-6.2491277499999995,106.77778178322814,Crystal Jade,-6.243412,106.78383,Chinese Restaurant
211,Kebayoran Lama,-6.2491277499999995,106.77778178322814,Chatime,-6.244571582580269,106.78332986174574,Bubble Tea Shop
212,Kebayoran Lama,-6.2491277499999995,106.77778178322814,Maison Tatsuya,-6.243725840886164,106.78396271134716,Japanese Restaurant
213,Kebayoran Lama,-6.2491277499999995,106.77778178322814,EXCELSO,-6.244086221905967,106.78427656732967,Coffee Shop
214,Kebayoran Lama,-6.2491277499999995,106.77778178322814,roppan ロッパン,-6.244006181261099,106.78421881600921,Snack Place
215,Kebayoran Lama,-6.2491277499999995,106.77778178322814,Lokananta Terrace Resto,-6.24446319367225,106.78422759861924,Steakhouse
216,Kebayoran Lama,-6.2491277499999995,106.77778178322814,Melodia Musik,-6.258485759724139,106.78182793251251,Music Store
217,Kebayoran Lama,-6.2491277499999995,106.77778178322814,Gandaria City (foodcourt),-6.245099450951806,106.78416235106332,Arcade
218,Kebayoran Lama,-6.2491277499999995,106.77778178322814,ACE Home Center,-6.244421746599612,106.78459350057119,Hardware Store
219,Kebayoran Lama,-6.2491277499999995,106.77778178322814,Premiere Gandaria,-6.243922812567288,106.78360358610655,Multiplex
220,Kebayoran Lama,-6.2491277499999995,106.77778178322814,Domino's Pizza,-6.242959035447106,106.78359206519427,Pizza Place
221,Kebayoran Lama,-6.2491277499999995,106.77778178322814,METRO Department Store,-6.243825309191533,106.78324699401855,Department Store
222,Kebayoran Lama,-6.2491277499999995,106.77778178322814,Glodok Elektronik,-6.254688699213192,106.78177104846118,Hardware Store
223,Kebayoran Lama,-6.2491277499999995,106.77778178322814,"Solowi, Sate & Bebek",-6.253340793779272,106.7765468221137,Indonesian Restaurant
224,Kebayoran Lama,-6.2491277499999995,106.77778178322814,BreadLife,-6.244620829027867,106.78358654478035,Bakery
225,Kebayoran Baru,-6.24316375,106.79985029644791,M Point,-6.244586365984589,106.79828424801497,Lounge
226,Kebayoran Baru,-6.24316375,106.79985029644791,海宝丸 Kaihomaru,-6.244454350757488,106.79962152834834,Sushi Restaurant
227,Kebayoran Baru,-6.24316375,106.79985029644791,Daitokyo Sakaba,-6.2450724248564065,106.8002476365744,Japanese Restaurant
228,Kebayoran Baru,-6.24316375,106.79985029644791,Papaya Fresh Gallery,-6.24581958935857,106.7987019282898,Supermarket
229,Kebayoran Baru,-6.24316375,106.79985029644791,Filosofi Kopi,-6.244444051109475,106.7997535384983,Coffee Shop
230,Kebayoran Baru,-6.24316375,106.79985029644791,居酒屋かしわ Kashiwa,-6.244717815737684,106.79882425455597,Japanese Restaurant
231,Kebayoran Baru,-6.24316375,106.79985029644791,Tokyo Skipjack,-6.242524,106.796074,Steakhouse
232,Kebayoran Baru,-6.24316375,106.79985029644791,Miu 美卯,-6.244469720610765,106.79952466111405,Japanese Restaurant
233,Kebayoran Baru,-6.24316375,106.79985029644791,SATE.KU,-6.246861745517805,106.80061466937028,Restaurant
234,Kebayoran Baru,-6.24316375,106.79985029644791,Sushi Kawana,-6.245242047678463,106.79956741580406,Sushi Restaurant
235,Kebayoran Baru,-6.24316375,106.79985029644791,Starbucks Coffee Melawai,-6.24542503361008,106.79887124998227,Coffee Shop
236,Kebayoran Baru,-6.24316375,106.79985029644791,Hotel GranDhika Iskandarsyah Jakarta,-6.244813326829606,106.80398854077686,Hotel
237,Kebayoran Baru,-6.24316375,106.79985029644791,"Ayam Goreng ""Berkah"" Rachmat",-6.2468677,106.80189,Fried Chicken Joint
238,Kebayoran Baru,-6.24316375,106.79985029644791,Bornga 본가,-6.242403171078978,106.79614933873034,Korean Restaurant
239,Kebayoran Baru,-6.24316375,106.79985029644791,Yoiko Ramen 415,-6.244547680988126,106.79577830233912,Japanese Restaurant
240,Kebayoran Baru,-6.24316375,106.79985029644791,Sampit Residence managed by FLAT06.,-6.24537962173124,106.79700466352033,Hotel
241,Kebayoran Baru,-6.24316375,106.79985029644791,Bakmi GM,-6.246239025188299,106.80318084320058,Noodle House
242,Kebayoran Baru,-6.24316375,106.79985029644791,Sarang Oci,-6.243263980263838,106.79641713569977,Manadonese Restaurant
243,Kebayoran Baru,-6.24316375,106.79985029644791,Sabana Nasi Kapau,-6.245857840514489,106.79930670795093,Indonesian Restaurant
244,Kebayoran Baru,-6.24316375,106.79985029644791,Hotel Gran Mahakam,-6.244564955505772,106.79561948947216,Hotel
245,Kebayoran Baru,-6.24316375,106.79985029644791,Martabak Bang!,-6.247287743873538,106.79786692971224,Food Truck
246,Kebayoran Baru,-6.24316375,106.79985029644791,Sari Indah,-6.239752058220773,106.80521416574295,Asian Restaurant
247,Kebayoran Baru,-6.24316375,106.79985029644791,Starbucks,-6.244927,106.797888,Coffee Shop
248,Kebayoran Baru,-6.24316375,106.79985029644791,Rumah Makan Sulawesi,-6.249740266986456,106.79966973155963,Seafood Restaurant
249,Kebayoran Baru,-6.24316375,106.79985029644791,MOS Cafe,-6.2457540728693335,106.79861976608457,Burger Joint
250,Kebayoran Baru,-6.24316375,106.79985029644791,All Fresh,-6.249711589360142,106.79791552242882,Fruit & Vegetable Store
251,Kebayoran Baru,-6.24316375,106.79985029644791,AGNEYA,-6.249303,106.803769,Indonesian Restaurant
252,Kebayoran Baru,-6.24316375,106.79985029644791,"Chung Hae (Sashimi & Sushi) , Korean Japanese Restaurant",-6.24396716739365,106.7960653450323,Korean Restaurant
253,Kebayoran Baru,-6.24316375,106.79985029644791,Sate Sambas,-6.248126193947098,106.79726204414324,Food Truck
254,Kebayoran Baru,-6.24316375,106.79985029644791,Le Gran Cafe,-6.244511690052024,106.79569771170453,Buffet
255,Kebayoran Baru,-6.24316375,106.79985029644791,Honoka Japanese Restaurant,-6.244625504465568,106.79822050049373,Sushi Restaurant
256,Kebayoran Baru,-6.24316375,106.79985029644791,méradelima,-6.2397417000875315,106.80454908879608,Asian Restaurant
257,Kebayoran Baru,-6.24316375,106.79985029644791,Holycow Camp Senopati 2,-6.239589880142499,106.80620976504804,Steakhouse
258,Kebayoran Baru,-6.24316375,106.79985029644791,Kira Kira Ginza キラキラ銀座,-6.245139349881184,106.80040579105105,Japanese Restaurant
259,Kebayoran Baru,-6.24316375,106.79985029644791,Fajar International Restaurant,-6.246391781962396,106.79988078943013,Chinese Restaurant
260,Kebayoran Baru,-6.24316375,106.79985029644791,Pasar Kue Subuh ( Blok M Square ),-6.245098806377452,106.80081649029997,Cupcake Shop
261,Kebayoran Baru,-6.24316375,106.79985029644791,Starbucks,-6.244274434826526,106.80282684459101,Coffee Shop
262,Kebayoran Baru,-6.24316375,106.79985029644791,Yoshinoya (吉野家),-6.24271285865809,106.79620842990202,Japanese Restaurant
263,Kebayoran Baru,-6.24316375,106.79985029644791,Patio Trattoria & Pizzeria,-6.24962482117976,106.801617098047,Italian Restaurant
264,Kebayoran Baru,-6.24316375,106.79985029644791,FamilyMart,-6.24281899,106.79604289,Convenience Store
265,Kebayoran Baru,-6.24316375,106.79985029644791,Kokuo Reflexology,-6.246073940268314,106.79630826598694,Massage Studio
266,Kebayoran Baru,-6.24316375,106.79985029644791,Vivi Toko Kue,-6.248922611650867,106.79599028099085,Snack Place
267,Kebayoran Baru,-6.24316375,106.79985029644791,Soto & Sop Kaki Sapi (H. Agus),-6.24471950385816,106.79368584269284,Indonesian Restaurant
268,Kebayoran Baru,-6.24316375,106.79985029644791,Convinium,-6.249733878942191,106.79853518613974,Italian Restaurant
269,Kebayoran Baru,-6.24316375,106.79985029644791,Ranch Market,-6.246326852669402,106.79433039156659,Gourmet Shop
270,Kebayoran Baru,-6.24316375,106.79985029644791,Woodpecker Coffee,-6.250612369807998,106.79809890364511,Coffee Shop
271,Kebayoran Baru,-6.24316375,106.79985029644791,DapuRaya Pasaraya Grande Blok M,-6.237974297741817,106.80265998532805,Food Court
272,Kebayoran Baru,-6.24316375,106.79985029644791,Ramen 38 (Sanpachi),-6.245845067253836,106.79627619687523,Noodle House
273,Kebayoran Baru,-6.24316375,106.79985029644791,Honey & Me,-6.247652102022487,106.80220287240348,Coffee Shop
274,Kebayoran Baru,-6.24316375,106.79985029644791,Segar Sehat,-6.246119786921311,106.8050422634368,Spa
275,Kebayoran Baru,-6.24316375,106.79985029644791,Mood Coffee,-6.243137403771868,106.79628252983092,Coffee Shop
276,Kebayoran Baru,-6.24316375,106.79985029644791,Warung Sambel Barito,-6.247031872560047,106.79484827890812,Indonesian Restaurant
277,Kebayoran Baru,-6.24316375,106.79985029644791,En Okonomi Dining,-6.245836702348853,106.79625096075702,Japanese Restaurant
278,Kebayoran Baru,-6.24316375,106.79985029644791,JOIN Coffee Bulungan,-6.242254154666046,106.79637133974363,Coffee Shop
279,Kebayoran Baru,-6.24316375,106.79985029644791,Aoki Japanese Cuisine,-6.244508227945428,106.79569744551449,Japanese Restaurant
280,Kebayoran Baru,-6.24316375,106.79985029644791,Tanamera Coffee Roastery,-6.24572839199467,106.79178152195976,Coffee Shop
281,Kebayoran Baru,-6.24316375,106.79985029644791,Le Quartier,-6.2375347116351065,106.80716678608418,French Restaurant
282,Kebayoran Baru,-6.24316375,106.79985029644791,Bubur Ayam Madura,-6.236244546253351,106.79976224837733,Food Truck
283,Kebayoran Baru,-6.24316375,106.79985029644791,Sopo Ngiro Japanese Food,-6.251254702474906,106.79744080651108,Japanese Restaurant
284,Kebayoran Baru,-6.24316375,106.79985029644791,Gudeg Kandjeng,-6.238907683667824,106.79660287162227,Indonesian Restaurant
285,Kebayoran Baru,-6.24316375,106.79985029644791,Turkuaz,-6.237397017991944,106.80733334158072,Turkish Restaurant
286,Kebayoran Baru,-6.24316375,106.79985029644791,KOI,-6.244127008516643,106.79587829808088,Restaurant
287,Kebayoran Baru,-6.24316375,106.79985029644791,Apjay Bakmi Jogja,-6.2497628362372835,106.79964730073065,Food Truck
288,Kebayoran Baru,-6.24316375,106.79985029644791,Focus Nusantara Panglima Polim,-6.249736397055629,106.79898687912134,Camera Store
289,Kebayoran Baru,-6.24316375,106.79985029644791,Pecel Ramidjan,-6.241819772843517,106.8077735127757,Javanese Restaurant
290,Kebayoran Baru,-6.24316375,106.79985029644791,Chung Gi Wa 청기와,-6.252590765031803,106.80020709858324,Korean Restaurant
291,Kebayoran Baru,-6.24316375,106.79985029644791,"Sana Studio, Jl Panglima Polim V/38",-6.250747955733503,106.79799517453709,Dance Studio
292,Kebayoran Baru,-6.24316375,106.79985029644791,Bubur Ayam Special Barito,-6.246274340374178,106.79220987309661,Food Truck
293,Kebayoran Baru,-6.24316375,106.79985029644791,Sate Ayam & Kambing RSPP Pak Muri,-6.240226961913008,106.79381134715946,Food Truck
294,Kebayoran Baru,-6.24316375,106.79985029644791,Bakwan Pabean,-6.250899200655565,106.79743266012004,Noodle House
295,Kebayoran Baru,-6.24316375,106.79985029644791,Pand'Or,-6.244619092565092,106.80967317127867,Bakery
296,Kebayoran Baru,-6.24316375,106.79985029644791,Tulisan,-6.252924683082977,106.80153161095738,Women's Store
297,Kebayoran Baru,-6.24316375,106.79985029644791,Seribu Rasa Gunawarman,-6.236668915608475,106.80741906166077,Indonesian Restaurant
298,Kebayoran Baru,-6.24316375,106.79985029644791,The HolyRibs,-6.250417148327338,106.79815577806625,BBQ Joint
299,Kebayoran Baru,-6.24316375,106.79985029644791,Walking Drums,-6.235405,106.796,Café
300,Kebayoran Baru,-6.24316375,106.79985029644791,MM Juice,-6.245988612916245,106.7985459877284,Juice Bar
301,Kebayoran Baru,-6.24316375,106.79985029644791,Holy Smokes,-6.239206293767399,106.8077799467158,BBQ Joint
302,Kebayoran Baru,-6.24316375,106.79985029644791,akasya express,-6.248343994618491,106.79209813890249,Indonesian Restaurant
303,Kebayoran Baru,-6.24316375,106.79985029644791,Paviliun 28,-6.251500700741121,106.79466864284998,General Entertainment
304,Kebayoran Baru,-6.24316375,106.79985029644791,Cyber Hair Youth Salon,-6.2385650654066875,106.7902806549745,Salon / Barbershop
305,Kebayoran Baru,-6.24316375,106.79985029644791,Bornga 본가,-6.239126620797831,106.80860699771819,Korean Restaurant
306,Kebayoran Baru,-6.24316375,106.79985029644791,Javanegra Gourmet Atelier,-6.249873838378924,106.79495773309446,Spanish Restaurant
307,Kebayoran Baru,-6.24316375,106.79985029644791,Kayuh,-6.243158,106.808386,Café
308,Kebayoran Baru,-6.24316375,106.79985029644791,Gyros Alley,-6.249702032457668,106.79894188684747,Souvlaki Shop
309,Kebayoran Baru,-6.24316375,106.79985029644791,Gulai Tikungan (Gultik) Blok M,-6.243888479077624,106.79648433652014,Food Truck
310,Kebayoran Baru,-6.24316375,106.79985029644791,Kopi Kalyan,-6.244444,106.793626,Coffee Shop
311,Kebayoran Baru,-6.24316375,106.79985029644791,Rogers Salon,-6.239326687161724,106.80657147514107,Salon / Barbershop
312,Kebayoran Baru,-6.24316375,106.79985029644791,Starbucks,-6.253260273817504,106.80146882362841,Coffee Shop
313,Kebayoran Baru,-6.24316375,106.79985029644791,Bakmi Boy,-6.240044767098182,106.79069403824177,Noodle House
314,Kebayoran Baru,-6.24316375,106.79985029644791,Nasi Campur Kenanga,-6.253358196056232,106.80018861763841,BBQ Joint
315,Kebayoran Baru,-6.24316375,106.79985029644791,Burgreens Organic Eatery,-6.2523303,106.8012918,Burger Joint
316,Kebayoran Baru,-6.24316375,106.79985029644791,Penang Bistro,-6.232894159919207,106.796991673664,Malay Restaurant
317,Kebayoran Baru,-6.24316375,106.79985029644791,Kopi Kalyan,-6.243168397638091,106.8091411465596,Coffee Shop
318,Kebayoran Baru,-6.24316375,106.79985029644791,Glosis,-6.246176947807699,106.79409845413056,Breakfast Spot
319,Kebayoran Baru,-6.24316375,106.79985029644791,Cheese Cake Factory,-6.249496165522076,106.79609958981442,Dessert Shop
320,Kebayoran Baru,-6.24316375,106.79985029644791,Skut Kopi,-6.243140160521244,106.79334194200798,Coffee Shop
321,Kebayoran Baru,-6.24316375,106.79985029644791,Ombe Kofie Cikajang,-6.243137381479493,106.80902325684903,Café
322,Kebayoran Baru,-6.24316375,106.79985029644791,Inksomnia Concept Store,-6.241525,106.808452,Clothing Store
323,Kebayoran Baru,-6.24316375,106.79985029644791,Kerang Kiloan Pak Rudi,-6.235027077767545,106.79638311128855,Seafood Restaurant
324,Kebayoran Baru,-6.24316375,106.79985029644791,99 Ranch Market,-6.252858077792832,106.80154047180065,Gourmet Shop
325,Mampang Prapatan,-6.25087775,106.8230214656312,KFC,-6.254365920143093,106.82726751273914,Fast Food Restaurant
326,Mampang Prapatan,-6.25087775,106.8230214656312,Majestyk,-6.248827367316854,106.82644120436348,Bakery
327,Mampang Prapatan,-6.25087775,106.8230214656312,RM. Padang Mekar Jaya,-6.243400758209235,106.8257933357631,Asian Restaurant
328,Mampang Prapatan,-6.25087775,106.8230214656312,TROUPE | Brut Rides Industry,-6.257028350179577,106.81799872545949,Motorcycle Shop
329,Mampang Prapatan,-6.25087775,106.8230214656312,Seven Speed Coffee,-6.25742408725831,106.82078797017944,Coffee Shop
330,Mampang Prapatan,-6.25087775,106.8230214656312,RM Sederhana Mampang,-6.243250474402331,106.8259987852596,Asian Restaurant
331,Mampang Prapatan,-6.25087775,106.8230214656312,Holycow! Steakhouse #CAMPTendean,-6.240188094640874,106.82160216534362,Steakhouse
332,Mampang Prapatan,-6.25087775,106.8230214656312,Total Buah Segar,-6.259297565373414,106.82856438067293,Farmers Market
333,Mampang Prapatan,-6.25087775,106.8230214656312,Ecology Bistro Kemang,-6.256041351360179,106.81457619206982,Bistro
334,Mampang Prapatan,-6.25087775,106.8230214656312,Abunawas Restaurant,-6.257035030101334,106.81862334605293,Middle Eastern Restaurant
335,Mampang Prapatan,-6.25087775,106.8230214656312,Starbucks,-6.257717263680628,106.81496406779839,Coffee Shop
336,Mampang Prapatan,-6.25087775,106.8230214656312,Kedai Betawi Bang Adi,-6.24844,106.824555,Indonesian Restaurant
337,Mampang Prapatan,-6.25087775,106.8230214656312,United Dance Works,-6.254511304019655,106.81507081261502,Dance Studio
338,Mampang Prapatan,-6.25087775,106.8230214656312,El Asador,-6.255957653305194,106.8148267272234,South American Restaurant
339,Mampang Prapatan,-6.25087775,106.8230214656312,Shisha Cafe,-6.256781183775002,106.8147591554422,Hookah Bar
340,Mampang Prapatan,-6.25087775,106.8230214656312,Seven Grain,-6.255739039457181,106.82777853265777,Bakery
341,Mampang Prapatan,-6.25087775,106.8230214656312,Burger King,-6.253651132626082,106.82346948240375,Fast Food Restaurant
342,Mampang Prapatan,-6.25087775,106.8230214656312,"""Raden Bahari Restaurant""",-6.258113902305644,106.82859149411108,Restaurant
343,Mampang Prapatan,-6.25087775,106.8230214656312,Kedai Kopipapi,-6.246277607766848,106.81534018382759,Snack Place
344,Mampang Prapatan,-6.25087775,106.8230214656312,Coffee Smith,-6.2540602302553845,106.83251951642632,Coffee Shop
345,Mampang Prapatan,-6.25087775,106.8230214656312,3K Coffee,-6.257298510685288,106.82087107092948,Coffee Shop
346,Mampang Prapatan,-6.25087775,106.8230214656312,Cafe Thirty Three (33),-6.257409609821539,106.82066259741714,Restaurant
347,Mampang Prapatan,-6.25087775,106.8230214656312,Dapur Coklat,-6.2534035993297055,106.81439533751411,Dessert Shop
348,Mampang Prapatan,-6.25087775,106.8230214656312,2madison Eatery Kemang,-6.253679570785119,106.81451632371119,Breakfast Spot
349,Mampang Prapatan,-6.25087775,106.8230214656312,Divemasters Indonesia,-6.249909796548708,106.81439380903727,Hobby Shop
350,Mampang Prapatan,-6.25087775,106.8230214656312,"Pondok Nasi Kebuli ""Ibu Hanna""",-6.247010994748952,106.82618534957795,Middle Eastern Restaurant
351,Mampang Prapatan,-6.25087775,106.8230214656312,Starbucks,-6.257600958679082,106.82831493708329,Coffee Shop
352,Mampang Prapatan,-6.25087775,106.8230214656312,brood-en-boter,-6.243644000874042,106.81629583239555,Bakery
353,Mampang Prapatan,-6.25087775,106.8230214656312,Giffanis Family Resto,-6.257285608038488,106.81695334522205,Comfort Food Restaurant
354,Mampang Prapatan,-6.25087775,106.8230214656312,(ak.'sa.ra) (ak.'sa.ra),-6.256466340218608,106.81469111478953,Bookstore
355,Mampang Prapatan,-6.25087775,106.8230214656312,Ruang Seduh,-6.256416546609179,106.8142770226531,Coffee Shop
356,Mampang Prapatan,-6.25087775,106.8230214656312,Alfa Midi,-6.2541965146349705,106.82882195855932,Market
357,Mampang Prapatan,-6.25087775,106.8230214656312,SOTO BABON,-6.245453628113116,106.82603911605842,Food Truck
358,Mampang Prapatan,-6.25087775,106.8230214656312,Bubur Ayam Khas Radio Dalam,-6.241864682043609,106.82696672641822,Food Truck
359,Mampang Prapatan,-6.25087775,106.8230214656312,OUR BAR JAKARTA,-6.255714460793665,106.81375007889324,Bar
360,Mampang Prapatan,-6.25087775,106.8230214656312,JK7 Pub & Bar - Arion Swiss Belhotel Kemang,-6.256170986878236,106.81494841780234,Nightclub
361,Mampang Prapatan,-6.25087775,106.8230214656312,Zoom Pet City,-6.260294370263021,106.82421987934842,Pet Service
362,Mampang Prapatan,-6.25087775,106.8230214656312,Relax Living,-6.25544670210265,106.81450329829443,Spa
363,Mampang Prapatan,-6.25087775,106.8230214656312,Homey at Sixteenth,-6.2569657561121135,106.81796308217717,Restaurant
364,Mampang Prapatan,-6.25087775,106.8230214656312,Bangka 2,-6.2440450936785705,106.82133774573146,Food Truck
365,Mampang Prapatan,-6.25087775,106.8230214656312,Jalan bangka 2,-6.24526878542118,106.81833606417352,Airport
366,Mampang Prapatan,-6.25087775,106.8230214656312,The Edge,-6.255573363613483,106.81500396997073,Restaurant
367,Mampang Prapatan,-6.25087775,106.8230214656312,Vaporizer Jakarta,-6.248095190895786,106.82857998731923,Vape Store
368,Mampang Prapatan,-6.25087775,106.8230214656312,Monka Magic Store,-6.256450792552923,106.81445566116409,Record Shop
369,Mampang Prapatan,-6.25087775,106.8230214656312,Arion Swiss-Belhotel,-6.256257754286842,106.81490111593988,Hotel
370,Mampang Prapatan,-6.25087775,106.8230214656312,Happy Puppy Karaoke Keluarga,-6.255556507604332,106.82806987712564,Karaoke Bar
371,Mampang Prapatan,-6.25087775,106.8230214656312,Ayam Penyet 'Everest',-6.248581857860788,106.82620404030118,Indonesian Restaurant
372,Mampang Prapatan,-6.25087775,106.8230214656312,Mie Aceh Bungong Seulanga,-6.244942958637861,106.82591022482522,Acehnese Restaurant
373,Mampang Prapatan,-6.25087775,106.8230214656312,Kemang Icon by Alila . Jakarta,-6.255581930510764,106.81492121931379,Hotel
374,Mampang Prapatan,-6.25087775,106.8230214656312,Nutmeg Cuisine & Bar,-6.257345806204315,106.81513245405053,Restaurant
375,Mampang Prapatan,-6.25087775,106.8230214656312,Murphy's Irish Pub & Restaurant,-6.257071951536069,106.81492526686694,Pub
376,Mampang Prapatan,-6.25087775,106.8230214656312,Gayatri Aura Therapy With Divine Energy,-6.258542656706577,106.83023569954923,Spa
377,Mampang Prapatan,-6.25087775,106.8230214656312,Patheya,-6.257464181851258,106.81947105231355,Restaurant
378,Mampang Prapatan,-6.25087775,106.8230214656312,Umaku,-6.254492735274207,106.83078599055561,Sushi Restaurant
379,Mampang Prapatan,-6.25087775,106.8230214656312,Pantry Magic Kemang,-6.258146965762478,106.81517160913724,Hobby Shop
380,Mampang Prapatan,-6.25087775,106.8230214656312,FOOD LAB,-6.2401576603146,106.82223652954994,Comfort Food Restaurant
381,Mampang Prapatan,-6.25087775,106.8230214656312,Gudeg Jogja Bu Hani,-6.241658425260839,106.82562198072765,Asian Restaurant
382,Mampang Prapatan,-6.25087775,106.8230214656312,365 Eco Bar,-6.256002467233805,106.81450049634894,Bar
383,Mampang Prapatan,-6.25087775,106.8230214656312,Mie Ayam Dedy,-6.248139372787728,106.8248752873399,Noodle House
384,Mampang Prapatan,-6.25087775,106.8230214656312,Soto Ayam Ceker Surabaya,-6.254348238646066,106.82791810716945,Asian Restaurant
385,Mampang Prapatan,-6.25087775,106.8230214656312,90.8 FM OZ Radio Jakarta,-6.255033747095387,106.81458611341436,Radio Station
386,Mampang Prapatan,-6.25087775,106.8230214656312,Lontong Sayur Mandala,-6.254029200627684,106.82732269811554,Restaurant
387,Mampang Prapatan,-6.25087775,106.8230214656312,Dunkin',-6.241133377064101,106.82569394751309,Donut Shop
388,Mampang Prapatan,-6.25087775,106.8230214656312,Mi Aceh Seulawah,-6.252733628244063,106.82707148221523,Noodle House
389,Mampang Prapatan,-6.25087775,106.8230214656312,Coffee Toffee,-6.242395639367146,106.81942496131339,Coffee Shop
390,Mampang Prapatan,-6.25087775,106.8230214656312,Dian Pelangi Boutique,-6.25791044068583,106.82260068279872,Art Gallery
391,Mampang Prapatan,-6.25087775,106.8230214656312,Ketupat Sayur Mandala,-6.254116392160596,106.82718566606475,Food Truck
392,Mampang Prapatan,-6.25087775,106.8230214656312,Starbucks,-6.24615206317682,106.83250942167359,Coffee Shop
393,Mampang Prapatan,-6.25087775,106.8230214656312,Lawson,-6.248357647126275,106.8127591496086,Snack Place
394,Mampang Prapatan,-6.25087775,106.8230214656312,Bakso Cinta,-6.244086387379241,106.8191458805162,Indonesian Meatball Place
395,Mampang Prapatan,-6.25087775,106.8230214656312,KFC Plaza Basmar,-6.255834264679659,106.82756016858339,American Restaurant
396,Mampang Prapatan,-6.25087775,106.8230214656312,Pawon Semarang,-6.242874,106.816512,Asian Restaurant
397,Mampang Prapatan,-6.25087775,106.8230214656312,Casakhasa Garden Bistro,-6.25929256879342,106.8205913901329,Bistro
398,Mampang Prapatan,-6.25087775,106.8230214656312,Ajihara Japanese Restaurant,-6.255816858490149,106.81354267472888,Japanese Restaurant
399,Mampang Prapatan,-6.25087775,106.8230214656312,Ori Steak & Pasta,-6.255376462479296,106.81334430540402,Steakhouse
400,Mampang Prapatan,-6.25087775,106.8230214656312,Pasar Mampang,-6.24116011977598,106.82567613912813,Farmers Market
401,Mampang Prapatan,-6.25087775,106.8230214656312,Bakoel Bebek,-6.25924966918932,106.82864274211856,Indonesian Restaurant
402,Mampang Prapatan,-6.25087775,106.8230214656312,Boxmart,-6.255460933053032,106.81399655247135,Convenience Store
403,Mampang Prapatan,-6.25087775,106.8230214656312,Pizza Marzano,-6.257715621580209,106.81489062517853,Pizza Place
404,Mampang Prapatan,-6.25087775,106.8230214656312,Takigawa,-6.255697359367347,106.81407491916221,Japanese Restaurant
405,Mampang Prapatan,-6.25087775,106.8230214656312,SKYLITE BISTRO,-6.255257249220426,106.81344473393985,Restaurant
406,Mampang Prapatan,-6.25087775,106.8230214656312,Dunkin',-6.241120703586275,106.82561295432818,Donut Shop
407,Mampang Prapatan,-6.25087775,106.8230214656312,"Warung Nagih ""Roti Bakar""",-6.240207644515117,106.82210930671579,Snack Place
408,Mampang Prapatan,-6.25087775,106.8230214656312,Zenith Photography,-6.258548509876097,106.8206463759986,Camera Store
409,Mampang Prapatan,-6.25087775,106.8230214656312,Papa Tom Yam Semanggi,-6.251160191833763,106.81441838249903,Thai Restaurant
410,Mampang Prapatan,-6.25087775,106.8230214656312,Mie aceh keumala,-6.254215235118185,106.83254975363373,Noodle House
411,Mampang Prapatan,-6.25087775,106.8230214656312,Kelurahan Tegal Parang,-6.250264529323023,106.83384038015359,Capitol Building
412,Pancoran,-6.2580853,106.84273263156662,Sate Khas Senayan,-6.252984851450887,106.84262623201548,Indonesian Restaurant
413,Pancoran,-6.2580853,106.84273263156662,Lontong Sayur Kalibata,-6.255600990026926,106.84414610121404,Asian Restaurant
414,Pancoran,-6.2580853,106.84273263156662,"RDJ INDONESIA (DJ School, DJ Studio, Event Organizer, UDG Authorized Dealer & DJ Label)",-6.253392079912285,106.83991909951864,Music Venue
415,Pancoran,-6.2580853,106.84273263156662,Holland Bakery,-6.262046543150348,106.84326286313191,Bakery
416,Pancoran,-6.2580853,106.84273263156662,Slank Residence,-6.255279601451085,106.84281349182129,Music Venue
417,Pancoran,-6.2580853,106.84273263156662,Duren Tiga Selatan,-6.258841906498453,106.83589285000541,Arcade
418,Pancoran,-6.2580853,106.84273263156662,Super Indo,-6.253016210071208,106.84271835153096,Supermarket
419,Pancoran,-6.2580853,106.84273263156662,Bangi Kopi Pasar Minggu,-6.265235338727648,106.8441846998283,Coffee Shop
420,Pancoran,-6.2580853,106.84273263156662,Warung Arbaya,-6.2552156,106.84639,Food Court
421,Pancoran,-6.2580853,106.84273263156662,Mie Aceh Jaly Jaly,-6.250928175237112,106.84268482676401,Acehnese Restaurant
422,Pancoran,-6.2580853,106.84273263156662,Sate Kambing Ibu Yanti,-6.253544122963486,106.84069119497953,Steakhouse
423,Pancoran,-6.2580853,106.84273263156662,Starbucks,-6.256712741098695,106.85221057167665,Coffee Shop
424,Pancoran,-6.2580853,106.84273263156662,Crooz Store,-6.253577659434425,106.83749399689083,Clothing Store
425,Pancoran,-6.2580853,106.84273263156662,Pusat Kuliner Jajan Makan TMP Kalibata,-6.255464081008418,106.84707304404581,Street Food Gathering
426,Pancoran,-6.2580853,106.84273263156662,Indomaret,-6.251651,106.849841,Convenience Store
427,Pancoran,-6.2580853,106.84273263156662,BooKopi,-6.256439793144661,106.85133066540402,Café
428,Pancoran,-6.2580853,106.84273263156662,Roti Bakar Eddy,-6.2518412,106.8427309,Food Stand
429,Pancoran,-6.2580853,106.84273263156662,Andakar Steak (Aneka Daging Bakar),-6.25349863628138,106.83952720799492,Steakhouse
430,Pancoran,-6.2580853,106.84273263156662,Bakso Apotek Kharisma Utama,-6.26255,106.84307,Noodle House
431,Pancoran,-6.2580853,106.84273263156662,PappaJack Kopitiam,-6.256319060117068,106.85277022788796,Asian Restaurant
432,Pancoran,-6.2580853,106.84273263156662,Sate Kambing Ibu Yanti,-6.2536639977400705,106.83977505214918,Food Truck
433,Pancoran,-6.2580853,106.84273263156662,Klinik Salon Aura & Spa Jeng Ana,-6.259249111862403,106.84935152042237,Spa
434,Pancoran,-6.2580853,106.84273263156662,Restoran Datuk Padang,-6.249829863295785,106.842866380564,Padangnese Restaurant
435,Pancoran,-6.2580853,106.84273263156662,Raja DimSum STEKPI Kalibata,-6.252389142318708,106.8495814057423,Dim Sum Restaurant
436,Pancoran,-6.2580853,106.84273263156662,"Rumah Makan Padang ""Minang Raya""",-6.2534997412322975,106.84204524935534,Restaurant
437,Pancoran,-6.2580853,106.84273263156662,Nasi Kambing Abah Condet Cab. Kalibata City,-6.25701889832836,106.85299898190885,Middle Eastern Restaurant
438,Pancoran,-6.2580853,106.84273263156662,Farmers 99 Market,-6.256591389861985,106.85223340988159,Supermarket
439,Pancoran,-6.2580853,106.84273263156662,Roti Comel Cadbury - Pancoran,-6.25017241938166,106.84272516053595,Indonesian Restaurant
440,Pancoran,-6.2580853,106.84273263156662,Warung Kopi Phoenam (Kalibata),-6.257314689604173,106.85208519034302,Coffee Shop
441,Pancoran,-6.2580853,106.84273263156662,Kopi Pancong,-6.256730901472359,106.8531084642804,Coffee Shop
442,Pancoran,-6.2580853,106.84273263156662,Sentra Durian Kalibata,-6.255559,106.85053,Street Food Gathering
443,Pancoran,-6.2580853,106.84273263156662,McDonald's,-6.2502136,106.842865,Fast Food Restaurant
444,Pancoran,-6.2580853,106.84273263156662,Neo Milk Bar,-6.264427785599391,106.84363555329627,Café
445,Pancoran,-6.2580853,106.84273263156662,Domino's Pizza Kalibata City,-6.256262207436507,106.85214989616534,Pizza Place
446,Pancoran,-6.2580853,106.84273263156662,Bebek Jumbo,-6.253796155697485,106.8427366844721,Javanese Restaurant
447,Pancoran,-6.2580853,106.84273263156662,Kalibata City Square,-6.2565292380296125,106.85215769807678,Shopping Mall
448,Pancoran,-6.2580853,106.84273263156662,Indomaret Kalibata Indah,-6.262751493996915,106.85208575781893,Convenience Store
449,Pancoran,-6.2580853,106.84273263156662,Pizza Hut,-6.267168529002703,106.84455171172505,Pizza Place
450,Pancoran,-6.2580853,106.84273263156662,Chatime,-6.256949607588901,106.85228311086479,Bubble Tea Shop
451,Pancoran,-6.2580853,106.84273263156662,KFC,-6.256978054243353,106.85307745799491,Fast Food Restaurant
452,Pancoran,-6.2580853,106.84273263156662,Swimming Pool,-6.2570724,106.8504,Pool
453,Pancoran,-6.2580853,106.84273263156662,Upnormal Coffee Roasters,-6.256372114111599,106.85174640143991,Coffee Shop
454,Pancoran,-6.2580853,106.84273263156662,Phoenam Cafe,-6.256269613737776,106.85223163994476,Coffee Shop
455,Pancoran,-6.2580853,106.84273263156662,Ajwad Arabian Cuisine,-6.2563248202984765,106.85241174379225,Middle Eastern Restaurant
456,Pancoran,-6.2580853,106.84273263156662,Top Mie MM,-6.2622970978852255,106.84534549713135,Asian Restaurant
457,Pancoran,-6.2580853,106.84273263156662,Gramedia,-6.25638972170529,106.85316032436953,Bookstore
458,Pancoran,-6.2580853,106.84273263156662,Bakmi JogJa Jape Methe',-6.261806516093185,106.84347867965698,Noodle House
459,Pancoran,-6.2580853,106.84273263156662,Pecel Pincuk Kalibata,-6.255357580767697,106.84825330175245,Indonesian Restaurant
460,Pancoran,-6.2580853,106.84273263156662,Indomaret,-6.25617,106.853292,Convenience Store
461,Pancoran,-6.2580853,106.84273263156662,Amaris Hotel Pancoran,-6.247506890013506,106.8428335044236,Hotel
462,Pancoran,-6.2580853,106.84273263156662,Universitas Trilogi,-6.253209692203039,106.8494840495932,University
463,Pancoran,-6.2580853,106.84273263156662,Diva Family Karaoke,-6.256820634878699,106.85272815732162,Karaoke Bar
464,Pancoran,-6.2580853,106.84273263156662,Coffee Toffee,-6.256236276832764,106.8531084642804,Coffee Shop
465,Pancoran,-6.2580853,106.84273263156662,Alfamart,-6.249409589361589,106.84867088758695,Convenience Store
466,Pancoran,-6.2580853,106.84273263156662,Stasiun Pasar Minggu Baru,-6.2630037942707775,106.8516736731739,Train Station
467,Pancoran,-6.2580853,106.84273263156662,Imanuel Digital Foto Studio & Lab,-6.266122199354376,106.8442346454449,Photography Studio
468,Pancoran,-6.2580853,106.84273263156662,Circle K,-6.2535156211153815,106.83751120443175,Convenience Store
469,Pancoran,-6.2580853,106.84273263156662,Lontong Setan,-6.257248104366443,106.85103407041952,Food Truck
470,Pancoran,-6.2580853,106.84273263156662,Wellen Print (PT. Wellen Brothers),-6.252355174345578,106.84258519582002,Arts & Crafts Store
471,Pancoran,-6.2580853,106.84273263156662,Pempek Pak Raden,-6.267107064109585,106.84496394990528,Indonesian Restaurant
472,Pancoran,-6.2580853,106.84273263156662,Teras Quliner,-6.256994444262734,106.85303433175862,Food Court
473,Pancoran,-6.2580853,106.84273263156662,Alfamart,-6.251735797308321,106.8500550105663,Convenience Store
474,Pancoran,-6.2580853,106.84273263156662,Eureka Bookstore,-6.2612071130636755,106.84313618130004,Bookstore
475,Pancoran,-6.2580853,106.84273263156662,Crooz Shophouse,-6.253399154670251,106.83749335403013,Clothing Store
476,Pancoran,-6.2580853,106.84273263156662,Roti Bakar Eddy,-6.267976758838802,106.84581935841952,Indonesian Restaurant
477,Pancoran,-6.2580853,106.84273263156662,AS Futsal,-6.259333451211074,106.8514618122001,Soccer Field
478,Pasar Minggu,-6.29194985,106.82783467957539,Brownfox Waffle & Coffee,-6.288937082625053,106.82461357881385,Café
479,Pasar Minggu,-6.29194985,106.82783467957539,SPBU Pertamina,-6.296048782656278,106.82525497952008,Gas Station
480,Pasar Minggu,-6.29194985,106.82783467957539,Caswell's Coffee Ampera Raya,-6.289323695209461,106.81770955926757,Coffee Shop
481,Pasar Minggu,-6.29194985,106.82783467957539,Starbucks,-6.298042051598134,106.8297063680704,Coffee Shop
482,Pasar Minggu,-6.29194985,106.82783467957539,Gaban Music Studio,-6.286558583852291,106.83182589599645,Music Store
483,Pasar Minggu,-6.29194985,106.82783467957539,Hoka Hoka Bento 24 hrs,-6.286079196416803,106.82980411493031,Japanese Restaurant
484,Pasar Minggu,-6.29194985,106.82783467957539,Soto Babat Barokah,-6.2927274867348295,106.82284724367344,Soup Place
485,Pasar Minggu,-6.29194985,106.82783467957539,Bubur Ayam Sinar Garut,-6.28601468575862,106.83063111263762,Food Truck
486,Pasar Minggu,-6.29194985,106.82783467957539,"Bakso Kota Cak Man, Pasar Minggu",-6.28602,106.834,Fast Food Restaurant
487,Pasar Minggu,-6.29194985,106.82783467957539,Alfamart Kebagusan,-6.302312085897224,106.82650566101074,Convenience Store
488,Pasar Minggu,-6.29194985,106.82783467957539,Cheese Cake Factory,-6.290031953572603,106.81779920333511,American Restaurant
489,Pasar Minggu,-6.29194985,106.82783467957539,Roti Bakar 'SEDAP MALAM',-6.292184127539744,106.82316499724865,Food & Drink Shop
490,Pasar Minggu,-6.29194985,106.82783467957539,Bebek Kartika,-6.300996023777292,106.83119888382218,Indonesian Restaurant
491,Pasar Minggu,-6.29194985,106.82783467957539,Warung Betawie Haji Muhayar,-6.28842623293103,106.82498929549747,Indonesian Restaurant
492,Pasar Minggu,-6.29194985,106.82783467957539,Coto Makassar - Sop Konro Daeng Memang,-6.290000331902192,106.81794961947301,Restaurant
493,Pasar Minggu,-6.29194985,106.82783467957539,Pondok Selera Ragunan,-6.292332143426109,106.82314392359729,Food Truck
494,Pasar Minggu,-6.29194985,106.82783467957539,Bumi Perkemahan Ragunan,-6.29574485564396,106.82006447478157,Campground
495,Pasar Minggu,-6.29194985,106.82783467957539,Kedai Ina,-6.285715808963895,106.8291680048674,Breakfast Spot
496,Pasar Minggu,-6.29194985,106.82783467957539,Sop Kambing Ampera 18,-6.288341284707632,106.81852042734084,Indonesian Restaurant
497,Pasar Minggu,-6.29194985,106.82783467957539,Rumah Makan Sate Tegal Ibu Tri,-6.289410084266911,106.82463441188824,Asian Restaurant
498,Pasar Minggu,-6.29194985,106.82783467957539,Cerita Rasa Restaurant,-6.28946,106.81775,Indonesian Restaurant
499,Pasar Minggu,-6.29194985,106.82783467957539,Ampera Garden,-6.288921979394543,106.81790947419395,Food Court
500,Pasar Minggu,-6.29194985,106.82783467957539,Bakso Pak Min,-6.287177234256322,106.83727012420795,Asian Restaurant
501,Pasar Minggu,-6.29194985,106.82783467957539,Wendy's Arkadia,-6.301021061835358,106.83302797599474,Burger Joint
502,Pasar Minggu,-6.29194985,106.82783467957539,Bo Shin Myeong Ga Korean Restaurant,-6.2874763751137355,106.82550448523136,Korean Restaurant
503,Pasar Minggu,-6.29194985,106.82783467957539,Circle K,-6.286226060517453,106.81870672933177,Convenience Store
504,Pasar Minggu,-6.29194985,106.82783467957539,Mie Aceh Jaly-Jaly,-6.288453070208633,106.81838791629909,Asian Restaurant
505,Pasar Minggu,-6.29194985,106.82783467957539,Halte TransJakarta SMK 57,-6.2910971779178695,106.82355715856689,Bus Line
506,Pasar Minggu,-6.29194985,106.82783467957539,Indomaret,-6.287029043424172,106.8364965587821,Convenience Store
507,Pasar Minggu,-6.29194985,106.82783467957539,Circle K,-6.288964861566135,106.82472548802683,Convenience Store
508,Pasar Minggu,-6.29194985,106.82783467957539,Indomaret,-6.2987216979095555,106.83563805078455,Convenience Store
509,Pasar Minggu,-6.29194985,106.82783467957539,Delico - Bakery & Coffee,-6.301067001172665,106.83321718357197,Café
510,Pasar Minggu,-6.29194985,106.82783467957539,Coto Makasar Ampera,-6.290004986758012,106.81792090193473,Caribbean Restaurant
511,Pasar Minggu,-6.29194985,106.82783467957539,Bakmi Bangka Ragunan,-6.286085861807782,106.83062063689793,Asian Restaurant
512,Pasar Minggu,-6.29194985,106.82783467957539,Genki Restaurant - Arkadia,-6.301012916112251,106.83325460382328,Chinese Restaurant
513,Pasar Minggu,-6.29194985,106.82783467957539,SMAN 28 Jakarta,-6.285917211151082,106.83334012419738,High School
514,Pasar Minggu,-6.29194985,106.82783467957539,Hoka Hoka Bento,-6.286063986246172,106.8297259850722,Japanese Restaurant
515,Pasar Minggu,-6.29194985,106.82783467957539,SPBU Simatupang,-6.295864,106.825105,Noodle House
516,Pasar Minggu,-6.29194985,106.82783467957539,Circle K,-6.286197857945756,106.8307758126767,Convenience Store
517,Pasar Minggu,-6.29194985,106.82783467957539,Havenwood Service Apartment,-6.30055408956329,106.83171607347674,Hotel
518,Pasar Minggu,-6.29194985,106.82783467957539,Bakmi GM,-6.300728,106.833919,Noodle House
519,Pesanggrahan,-6.2554579,106.76311195320773,Kedai Roti Nogat,-6.2564235,106.76886,Bakery
520,Pesanggrahan,-6.2554579,106.76311195320773,Total Buah Segar,-6.260304,106.765783,Fruit & Vegetable Store
521,Pesanggrahan,-6.2554579,106.76311195320773,Pizza Hut Pesanggrahan,-6.2540304053617914,106.76450272894971,Pizza Place
522,Pesanggrahan,-6.2554579,106.76311195320773,"Resto Padang ""Sederhana""",-6.257793751422128,106.7679990544254,Indonesian Restaurant
523,Pesanggrahan,-6.2554579,106.76311195320773,Restoran Putra Minang,-6.248879,106.756628,Indonesian Restaurant
524,Pesanggrahan,-6.2554579,106.76311195320773,RM BEBEK RENON,-6.256404850944481,106.76844581909077,Diner
525,Pesanggrahan,-6.2554579,106.76311195320773,Shabu Hachi,-6.2586489557567795,106.76800040385986,Shabu-Shabu Restaurant
526,Pesanggrahan,-6.2554579,106.76311195320773,Puri Purwogiri,-6.265666584622682,106.76395514255896,Indonesian Restaurant
527,Pesanggrahan,-6.2554579,106.76311195320773,Majestyk,-6.262891858913178,106.76655328551624,Bakery
528,Pesanggrahan,-6.2554579,106.76311195320773,Pizza Hut,-6.262838923782955,106.76640288514037,Pizza Place
529,Pesanggrahan,-6.2554579,106.76311195320773,MY STUDIO - RENTAL STUDIOS,-6.258336134927652,106.76687479439474,Art Gallery
530,Pesanggrahan,-6.2554579,106.76311195320773,Kopi Menantu,-6.263556195650319,106.7568651477219,Coffee Shop
531,Pesanggrahan,-6.2554579,106.76311195320773,Soto Kudus Blok M,-6.263198358179728,106.76629070259557,Soup Place
532,Pesanggrahan,-6.2554579,106.76311195320773,Carburator Springs,-6.264151162256362,106.76700964477492,Steakhouse
533,Pesanggrahan,-6.2554579,106.76311195320773,Tahu Campur Cak Trisno,-6.258614579754361,106.75908266884065,Food Truck
534,Pesanggrahan,-6.2554579,106.76311195320773,Richeese Factory,-6.263694325876308,106.76643565141899,Fried Chicken Joint
535,Pesanggrahan,-6.2554579,106.76311195320773,Pizza Hut,-6.2626509002962125,106.76608096463606,Pizza Place
536,Pesanggrahan,-6.2554579,106.76311195320773,Nasi Goreng Muncul Malam,-6.263128307574942,106.76648533866712,Asian Restaurant
537,Pesanggrahan,-6.2554579,106.76311195320773,Sate & Tongseng Kambing Pak Budi,-6.26353015662012,106.76636788506478,Indonesian Restaurant
538,Pesanggrahan,-6.2554579,106.76311195320773,Bakso joko,-6.259194770532184,106.767757132282,Noodle House
539,Pesanggrahan,-6.2554579,106.76311195320773,Jl. Raya Kodam Bintaro,-6.259999439656171,106.75748816333363,Arcade
540,Pesanggrahan,-6.2554579,106.76311195320773,Tahu Tek Arteri Pondok Indah,-6.255470209496699,106.77387438697603,Food Truck
541,Pesanggrahan,-6.2554579,106.76311195320773,Papa's Kitchen,-6.2646569876857034,106.76626067686561,Burger Joint
542,Pesanggrahan,-6.2554579,106.76311195320773,Tanah Kusir,-6.253137694334687,106.76961187541659,Café
543,Pesanggrahan,-6.2554579,106.76311195320773,Lawson,-6.253049080803319,106.7732014339661,Convenience Store
544,Pesanggrahan,-6.2554579,106.76311195320773,Diva karaoke,-6.263680971672205,106.76617338656276,Music Venue
545,Pesanggrahan,-6.2554579,106.76311195320773,Mang Kabayan,-6.265168497384571,106.76568670468014,Indonesian Restaurant
546,Pesanggrahan,-6.2554579,106.76311195320773,Sederhana Bintaro,-6.263899031011483,106.76624570083587,Restaurant
547,Pesanggrahan,-6.2554579,106.76311195320773,Remedial Coffee,-6.260243,106.769339,Café
548,Pesanggrahan,-6.2554579,106.76311195320773,Daily Gym,-6.249781068205358,106.75670963408255,Gym
549,Pesanggrahan,-6.2554579,106.76311195320773,komplek kodam bintaro,-6.255060690252697,106.75410047700457,Burger Joint
550,Pesanggrahan,-6.2554579,106.76311195320773,Ampera 2 Tak,-6.262926696667379,106.76635986125419,Indonesian Restaurant
551,Setiabudi,-6.22170605,106.82630769589983,Fillmore Coffee,-6.220314450761736,106.82356145176583,Coffee Shop
552,Setiabudi,-6.22170605,106.82630769589983,Arts Café by Raffles,-6.224594009772459,106.82437136421416,Buffet
553,Setiabudi,-6.22170605,106.82630769589983,Raffles Hotel Jakarta,-6.224317458328786,106.82360150377428,Hotel
554,Setiabudi,-6.22170605,106.82630769589983,Ciputra Artpreneur,-6.224024581609949,106.82335883484755,Performing Arts Venue
555,Setiabudi,-6.22170605,106.82630769589983,Meimo Masakan Manado,-6.223933839312763,106.82652654314624,Asian Restaurant
556,Setiabudi,-6.22170605,106.82630769589983,Lotte Shopping Avenue XXI,-6.223925842538734,106.82312955547748,Multiplex
557,Setiabudi,-6.22170605,106.82630769589983,The Ice Palace Lotte Shopping Avenue,-6.223805468448852,106.82336447485694,Concert Hall
558,Setiabudi,-6.22170605,106.82630769589983,Grom,-6.223671,106.823471,Ice Cream Shop
559,Setiabudi,-6.22170605,106.82630769589983,Fitness First Platinum,-6.223678781264096,106.82344840623693,Gym / Fitness Center
560,Setiabudi,-6.22170605,106.82630769589983,Starbucks,-6.223752364546803,106.82312629211083,Coffee Shop
561,Setiabudi,-6.22170605,106.82630769589983,Ayaka Suites,-6.220595053808627,106.82412629181246,Hotel
562,Setiabudi,-6.22170605,106.82630769589983,Indomaret,-6.221226430477833,106.82698100083702,Convenience Store
563,Setiabudi,-6.22170605,106.82630769589983,Lotte Shopping Avenue,-6.224043740445771,106.82342915206371,Shopping Mall
564,Setiabudi,-6.22170605,106.82630769589983,UNIQLO (ユニクロ) (UNIQLO),-6.224508567061973,106.82338882173087,Clothing Store
565,Setiabudi,-6.22170605,106.82630769589983,The Holyribs,-6.224819590207318,106.82332992553711,BBQ Joint
566,Setiabudi,-6.22170605,106.82630769589983,Auntie Anne's,-6.223702822084581,106.82342642294975,Snack Place
567,Setiabudi,-6.22170605,106.82630769589983,Gonzo's Tex Mex Grill,-6.224435928087299,106.82270181483774,Mexican Restaurant
568,Setiabudi,-6.22170605,106.82630769589983,Oriental Reflexology,-6.22384173506177,106.82610710228316,Spa
569,Setiabudi,-6.22170605,106.82630769589983,Sate Khas Senayan,-6.224864076871153,106.83010825875854,Javanese Restaurant
570,Setiabudi,-6.22170605,106.82630769589983,Outback Steakhouse,-6.224905644609706,106.82899911692981,Steakhouse
571,Setiabudi,-6.22170605,106.82630769589983,JW Marriott Hotel Jakarta,-6.2272498,106.8273196,Hotel
572,Setiabudi,-6.22170605,106.82630769589983,pokenbir,-6.216982258132307,106.83015716002771,BBQ Joint
573,Setiabudi,-6.22170605,106.82630769589983,Ranch Market,-6.224363961033562,106.82264525083417,Supermarket
574,Setiabudi,-6.22170605,106.82630769589983,Starbucks,-6.22413597596651,106.82242030435437,Coffee Shop
575,Setiabudi,-6.22170605,106.82630769589983,the leaf loaf,-6.222964,106.826184,Salad Place
576,Setiabudi,-6.22170605,106.82630769589983,The Ritz-Carlton Jakarta Mega Kuningan,-6.228547197110856,106.82715475559235,Hotel
577,Setiabudi,-6.22170605,106.82630769589983,Loewy,-6.227236031304175,106.82608685959,Bistro
578,Setiabudi,-6.22170605,106.82630769589983,Fraser Place Setiabudi,-6.215667,106.82945,Hotel
579,Setiabudi,-6.22170605,106.82630769589983,Bakso Solo Samrat,-6.222548790865089,106.82154714662693,Indonesian Meatball Place
580,Setiabudi,-6.22170605,106.82630769589983,All Fresh,-6.224085037799534,106.82714038427092,Fruit & Vegetable Store
581,Setiabudi,-6.22170605,106.82630769589983,Carl's Jr.,-6.219847487912795,106.83334828819707,Fast Food Restaurant
582,Setiabudi,-6.22170605,106.82630769589983,Club Lounge,-6.228637853887636,106.82717084884644,Lounge
583,Setiabudi,-6.22170605,106.82630769589983,Sushi Tei,-6.224690497685055,106.82360775791,Sushi Restaurant
584,Setiabudi,-6.22170605,106.82630769589983,Caribou Coffee,-6.219847468061142,106.83342885242747,Coffee Shop
585,Setiabudi,-6.22170605,106.82630769589983,Ruth's Chris Steakhouse,-6.223902261837927,106.82449581342759,Steakhouse
586,Setiabudi,-6.22170605,106.82630769589983,Art & Culture LOTTE SHOPPING AVENUE,-6.224904914838601,106.82378053665161,Performing Arts Venue
587,Setiabudi,-6.22170605,106.82630769589983,Warung Léko,-6.224494122493738,106.82927225963618,Javanese Restaurant
588,Setiabudi,-6.22170605,106.82630769589983,Saigon Delight,-6.227737778719069,106.82504524233022,Vietnamese Restaurant
589,Setiabudi,-6.22170605,106.82630769589983,Hanamasa,-6.223957865969866,106.82720732532142,Japanese Restaurant
590,Setiabudi,-6.22170605,106.82630769589983,Lucky Cat Coffee & Kitchen,-6.221703237484325,106.83349504367631,Coffee Shop
591,Setiabudi,-6.22170605,106.82630769589983,Caffe Bene,-6.223697889971823,106.82341912858782,Coffee Shop
592,Setiabudi,-6.22170605,106.82630769589983,Starbucks,-6.220910681771021,106.83248442748199,Coffee Shop
593,Setiabudi,-6.22170605,106.82630769589983,The Westin Jakarta,-6.224022708319269,106.83383301719664,Hotel
594,Setiabudi,-6.22170605,106.82630769589983,BASQUE Bar de Tapas,-6.2280188704836,106.82531539048796,Spanish Restaurant
595,Setiabudi,-6.22170605,106.82630769589983,Seribu Rasa,-6.22583485204903,106.82341191687996,Indonesian Restaurant
596,Setiabudi,-6.22170605,106.82630769589983,Safe House,-6.228174101313982,106.82752625135961,Lounge
597,Setiabudi,-6.22170605,106.82630769589983,Food Avenue,-6.224829560673174,106.82382093281468,Food Court
598,Setiabudi,-6.22170605,106.82630769589983,J.Sparrow's Bar & Grill,-6.228229921027978,106.82565832991918,Modern European Restaurant
599,Setiabudi,-6.22170605,106.82630769589983,Sailendra Restaurant,-6.2270166950460695,106.82699918746947,Buffet
600,Setiabudi,-6.22170605,106.82630769589983,Starbucks,-6.225098688522943,106.8294399857911,Coffee Shop
601,Setiabudi,-6.22170605,106.82630769589983,Citadines Rasuna Jakarta,-6.21938445973599,106.83209432936471,Hotel
602,Setiabudi,-6.22170605,106.82630769589983,大戸屋 Ootoya,-6.224371635665685,106.82363033294678,Japanese Restaurant
603,Setiabudi,-6.22170605,106.82630769589983,Bebek Kuningan,-6.221708760352391,106.83336865649945,Asian Restaurant
604,Setiabudi,-6.22170605,106.82630769589983,Bakmi GM,-6.224220110907356,106.8263060297056,Noodle House
605,Setiabudi,-6.22170605,106.82630769589983,Kokuo Eastern Reflexiology,-6.223528656546122,106.82279203237609,Massage Studio
606,Setiabudi,-6.22170605,106.82630769589983,Starbucks,-6.226176464414236,106.83214110463364,Coffee Shop
607,Setiabudi,-6.22170605,106.82630769589983,THE GOODS DEPT• POP-UP CAFE,-6.225533149581374,106.82335972387042,Café
608,Setiabudi,-6.22170605,106.82630769589983,Bluegrass Bar & Grill,-6.219456372343262,106.83436519174951,Bar
609,Setiabudi,-6.22170605,106.82630769589983,XL Center LOVE,-6.225497737573571,106.82342380212765,Mobile Phone Shop
610,Setiabudi,-6.22170605,106.82630769589983,Noodle King,-6.224377628644509,106.82373047396037,Korean Restaurant
611,Setiabudi,-6.22170605,106.82630769589983,JS Luwansa Hotel & Convention Center,-6.223227770252114,106.83283783927233,Hotel
612,Setiabudi,-6.22170605,106.82630769589983,Kuningan City XXI,-6.224712934398723,106.82944536209106,Multiplex
613,Setiabudi,-6.22170605,106.82630769589983,Asuka,-6.227070022719159,106.82717084884644,Japanese Restaurant
614,Setiabudi,-6.22170605,106.82630769589983,Starbucks,-6.2182663233602415,106.81850290972848,Coffee Shop
615,Setiabudi,-6.22170605,106.82630769589983,Decanter Wine House,-6.216386022056447,106.83107497752523,Wine Bar
616,Setiabudi,-6.22170605,106.82630769589983,BACCO Wine Culture,-6.223656410692026,106.82336612806532,Wine Bar
617,Setiabudi,-6.22170605,106.82630769589983,Wake Cup Coffee Shop,-6.227751019430525,106.82503908150034,Coffee Shop
618,Setiabudi,-6.22170605,106.82630769589983,Angel-in-us Coffee,-6.224556004007249,106.82261316767351,Coffee Shop
619,Setiabudi,-6.22170605,106.82630769589983,Lotte Department Store,-6.225727640210735,106.82339562131783,Department Store
620,Setiabudi,-6.22170605,106.82630769589983,Pizza Barboni,-6.221866885784979,106.83285089003114,Pizza Place
621,Setiabudi,-6.22170605,106.82630769589983,Warunk Upnormal,-6.221716846198391,106.83254255210626,Café
622,Setiabudi,-6.22170605,106.82630769589983,Crossfit 6221,-6.227697535591339,106.8251885698585,Gym
623,Setiabudi,-6.22170605,106.82630769589983,Kuningan City,-6.22470849214216,106.82940982871514,Shopping Mall
624,Setiabudi,-6.22170605,106.82630769589983,Food Colony,-6.221599831732492,106.83378711229922,Food Court
625,Setiabudi,-6.22170605,106.82630769589983,DRAGONFLY,-6.229915117252086,106.82012403622151,Nightclub
626,Setiabudi,-6.22170605,106.82630769589983,Swimming Pool,-6.228946283601135,106.8273763742073,Pool
627,Setiabudi,-6.22170605,106.82630769589983,Starbucks,-6.213224110326164,106.81990076222287,Coffee Shop
628,Setiabudi,-6.22170605,106.82630769589983,Kuningan City Water Lobby,-6.22488358368209,106.830333173275,Shopping Mall
629,Setiabudi,-6.22170605,106.82630769589983,The Executive Lounge,-6.227011362278468,106.82716012001038,Hotel Bar
630,Setiabudi,-6.22170605,106.82630769589983,DS HID | Lighting Specialist,-6.225599808866998,106.81922963223326,Automotive Shop
631,Setiabudi,-6.22170605,106.82630769589983,Burger King,-6.224215769745525,106.82964278879936,Fast Food Restaurant
632,Setiabudi,-6.22170605,106.82630769589983,GO!CURRY,-6.214857953118192,106.83016071030971,Indian Restaurant
633,Setiabudi,-6.22170605,106.82630769589983,NAV Karaoke,-6.214913736978729,106.8282093311942,Karaoke Bar
634,Setiabudi,-6.22170605,106.82630769589983,ST. ALi Family,-6.215890152632883,106.83001050852874,Coffee Shop
635,Setiabudi,-6.22170605,106.82630769589983,Caffé Bene,-6.22772420332168,106.82627733837273,Coffee Shop
636,Setiabudi,-6.22170605,106.82630769589983,Natasha Skin Care,-6.224875088898336,106.8302239076775,Spa
637,Setiabudi,-6.22170605,106.82630769589983,"Sari Sanjaya ""Pempek Apy Plaju""",-6.222166520538901,106.82155162096024,Indonesian Restaurant
638,Setiabudi,-6.22170605,106.82630769589983,Practice Room Studio,-6.217697133339145,106.81986846500995,Music Venue
639,Setiabudi,-6.22170605,106.82630769589983,Trattoria Cucina Italiana,-6.2193827791754765,106.83342044400575,Italian Restaurant
640,Setiabudi,-6.22170605,106.82630769589983,Sari Laut Jala Jala,-6.224554769289452,106.83009786968238,Chinese Restaurant
641,Setiabudi,-6.22170605,106.82630769589983,Seasonal Taste,-6.22395473416216,106.833768588558,Buffet
642,Setiabudi,-6.22170605,106.82630769589983,Starbucks,-6.221800405196635,106.8316912606059,Coffee Shop
643,Setiabudi,-6.22170605,106.82630769589983,Bau-Haus 1933,-6.229270493867041,106.82459852146357,Bar
644,Setiabudi,-6.22170605,106.82630769589983,Trattoria Cucina Italiana,-6.229617040437276,106.82534008580774,Italian Restaurant
645,Setiabudi,-6.22170605,106.82630769589983,Anomali Coffee,-6.215747142907358,106.83020938943895,Coffee Shop
646,Setiabudi,-6.22170605,106.82630769589983,The People's Cafe,-6.214708059716465,106.8301875729404,Café
647,Setiabudi,-6.22170605,106.82630769589983,Imperial Kitchen & Dimsum,-6.224665698997798,106.83014527796895,Dim Sum Restaurant
648,Setiabudi,-6.22170605,106.82630769589983,Dim Sum Inc.,-6.22184037675056,106.8331117454584,Dim Sum Restaurant
649,Setiabudi,-6.22170605,106.82630769589983,ROCK PAPR SCSR,-6.229254867660864,106.82478233404433,Japanese Restaurant
650,Setiabudi,-6.22170605,106.82630769589983,GIA,-6.217007698829935,106.8188990764754,Italian Restaurant
651,Tebet,-6.2260164,106.858396,Burger King,-6.224728039897462,106.85502638989445,Fast Food Restaurant
652,Tebet,-6.2260164,106.858396,Sarang Oci,-6.227948281855372,106.85643833818511,Manadonese Restaurant
653,Tebet,-6.2260164,106.858396,Gor tebet jakarta selatan,-6.229219606298139,106.85818616735065,Basketball Court
654,Tebet,-6.2260164,106.858396,Sate Habib Kambing Muda,-6.225245667516681,106.86169682087196,Middle Eastern Restaurant
655,Tebet,-6.2260164,106.858396,Abuba Steak,-6.22888136502306,106.85453507941446,Steakhouse
656,Tebet,-6.2260164,106.858396,Nasi Uduk & Ayam Goreng Kp. Melayu Besar,-6.225196086529479,106.86295014949977,Restaurant
657,Tebet,-6.2260164,106.858396,Alfamidi Asembaris,-6.228659166754913,106.85899993039484,Grocery Store
658,Tebet,-6.2260164,106.858396,Pizza Hut,-6.225081714913511,106.85530120561783,Pizza Place
659,Tebet,-6.2260164,106.858396,Restoran Sederhana,-6.224458526447573,106.85251495521405,Padangnese Restaurant
660,Tebet,-6.2260164,106.858396,Soto Ayam Surabaya H. Nandar,-6.228353531825773,106.85590348385966,Soup Place
661,Tebet,-6.2260164,106.858396,Bakso Boedjangan Tebet Raya,-6.228873,106.85491,Indonesian Meatball Place
662,Tebet,-6.2260164,106.858396,Prabu Indonesian Steak & Coffee,-6.225196412765309,106.85242852198418,Coffee Shop
663,Tebet,-6.2260164,106.858396,Foodtopia,-6.225422,106.854981,Indonesian Restaurant
664,Tebet,-6.2260164,106.858396,Fat Bubble,-6.228535393023481,106.856072157627,Dessert Shop
665,Tebet,-6.2260164,106.858396,Warunk Upnormal,-6.225836292534978,106.85756122677053,Café
666,Tebet,-6.2260164,106.858396,Sambal Khas Karmila,-6.225753337456977,106.85741741215192,Indonesian Restaurant
667,Tebet,-6.2260164,106.858396,Dunkin',-6.225279878763074,106.85503266229891,Donut Shop
668,Tebet,-6.2260164,106.858396,Domino's Pizza,-6.23428,106.856893,Pizza Place
669,Tebet,-6.2260164,106.858396,Baso Soun Dan Mie Ayam TTD 47,-6.232972539228429,106.85686764290257,Indonesian Meatball Place
670,Tebet,-6.2260164,106.858396,Snapy,-6.225519398144821,106.8549579286075,Paper / Office Supplies Store
671,Tebet,-6.2260164,106.858396,"Sate Taichan ""Goreng"" Tebet",-6.228475738220591,106.85568943619728,Satay Restaurant
672,Tebet,-6.2260164,106.858396,Sroto Eling Eling Banyumas,-6.22459363556176,106.85203256921154,Indonesian Restaurant
673,Tebet,-6.2260164,106.858396,Eat Happens Food Place,-6.228043843253326,106.85511965352538,Restaurant
674,Tebet,-6.2260164,106.858396,Comic cafe - The citiscape,-6.228411343557009,106.85499380221488,Café
675,Tebet,-6.2260164,106.858396,Cake Storage,-6.225786087905283,106.857569789413,Bakery
676,Tebet,-6.2260164,106.858396,Smarapura Resto,-6.228675280740721,106.85636184726258,Asian Restaurant
677,Tebet,-6.2260164,106.858396,Gado-Gado 'BOPLO' - Tebet,-6.224880266738875,106.85311044537798,Sundanese Restaurant
678,Tebet,-6.2260164,106.858396,Sate & Sop H. Mansur,-6.22500360204527,106.8620275120288,Indonesian Restaurant
679,Tebet,-6.2260164,106.858396,Sleepless Owls,-6.226018014658086,106.85472189481781,Food Truck
680,Tebet,-6.2260164,106.858396,Q-tha photography,-6.229711709746383,106.8564030440085,Art Gallery
681,Tebet,-6.2260164,106.858396,NATURE VET Animal Clinic,-6.229878373374219,106.85022121532259,Pet Store
682,Tebet,-6.2260164,106.858396,Ouval Research Tebet,-6.226229985232548,106.85496391040219,Clothing Store
683,Tebet,-6.2260164,106.858396,"Warkop Indomie & roti bakar ""RAOS"" Tebet",-6.23033,106.85153934,Indonesian Restaurant
684,Tebet,-6.2260164,106.858396,Kopitiam Oey,-6.227592633628846,106.85729742050171,Coffee Shop
685,Tebet,-6.2260164,106.858396,DIVA TEBET™,-6.228568912158739,106.85514288005763,Karaoke Bar
686,Tebet,-6.2260164,106.858396,Sroto Eling-Eling Banyumas,-6.224564897505124,106.85196242336845,Indonesian Restaurant
687,Tebet,-6.2260164,106.858396,Sederhana,-6.224517111813152,106.85256969629486,Indonesian Restaurant
688,Tebet,-6.2260164,106.858396,Sambel Hejo Sambel Dadak,-6.229207856737709,106.85627890179057,Indonesian Restaurant
689,Tebet,-6.2260164,106.858396,Moz5 Salon,-6.229961810339491,106.85043354168076,Salon / Barbershop
690,Tebet,-6.2260164,106.858396,Kompleks Gudang Peluru,-6.229964229345504,106.85999687981183,Housing Development
691,Tebet,-6.2260164,106.858396,"Pondok Nasi Kebuli ""Ibu Hanna""",-6.2249784,106.86286,Middle Eastern Restaurant
692,Tebet,-6.2260164,106.858396,Resto Dapur Buntut,-6.224968408132574,106.86191842197073,Asian Restaurant
693,Tebet,-6.2260164,106.858396,MeetMeat,-6.231081211009623,106.85596654905571,Steakhouse
694,Tebet,-6.2260164,106.858396,Sop Duren Addict,-6.2270935604599975,106.85499848405968,Dessert Shop
695,Tebet,-6.2260164,106.858396,Delicio,-6.227591908751913,106.857022811123,Bakery
696,Tebet,-6.2260164,106.858396,What's Up Cafe,-6.229162341592261,106.8538981461671,Café
697,Tebet,-6.2260164,106.858396,Martabak Boss,-6.227008182650803,106.85477375527503,Snack Place
698,Tebet,-6.2260164,106.858396,FISHBOMBER Seafood Cafe,-6.227029,106.8581,Seafood Restaurant
699,Tebet,-6.2260164,106.858396,Soto Kudus Blok M,-6.229746886995485,106.84963598371695,Soup Place
700,Tebet,-6.2260164,106.858396,Bebek Kaleyo,-6.2257157276436335,106.85692090597084,Indonesian Restaurant
701,Tebet,-6.2260164,106.858396,Majestyk,-6.225154532598834,106.84765907490964,Bakery
702,Tebet,-6.2260164,106.858396,Starbucks,-6.229538,106.85311,Coffee Shop
703,Tebet,-6.2260164,106.858396,Alfa Midi Tebet Timur,-6.233294173110779,106.85694504276233,Grocery Store
704,Tebet,-6.2260164,106.858396,RM. Mamink Daeng Tata,-6.223983,106.85155,Diner
705,Tebet,-6.2260164,106.858396,Nasi Uduk Hj Nunung,-6.223849,106.867893,Asian Restaurant
706,Tebet,-6.2260164,106.858396,Bubur Ayam Taman Lembang,-6.23143870188722,106.84926732923289,Indonesian Restaurant
707,Tebet,-6.2260164,106.858396,Phoenam Casablanca,-6.2245447676071235,106.8529016889196,Coffee Shop
708,Tebet,-6.2260164,106.858396,Inul Vizta - Family KTV,-6.229124865621112,106.85405109535107,Music Venue
709,Tebet,-6.2260164,106.858396,Kelly's Coffee,-6.227120444938024,106.85280987612492,Coffee Shop
710,Tebet,-6.2260164,106.858396,Dunkin Donuts Tebet,-6.224794074624328,106.85407799004442,Bakery
711,Tebet,-6.2260164,106.858396,Holland Bakery,-6.2235784331084885,106.86802881132887,Bakery
712,Tebet,-6.2260164,106.858396,Ruang Rupa Gallery,-6.232168598981168,106.85363366610062,Art Gallery
713,Tebet,-6.2260164,106.858396,Beer House,-6.220599765031125,106.86756312094792,Bar
714,Tebet,-6.2260164,106.858396,GOR SOEMANTRI,-6.224295696672983,106.86311191809297,Basketball Stadium
715,Tebet,-6.2260164,106.858396,Pempek Palembang 161 Tebet,-6.227772822186076,106.85503305773857,Asian Restaurant
716,Tebet,-6.2260164,106.858396,"Rumah Makan Makasar ""Daeng Tata""",-6.2239779578117,106.851631083051,Indonesian Restaurant
717,Tebet,-6.2260164,106.858396,FamilyMart,-6.222168,106.852393,Convenience Store
718,Tebet,-6.2260164,106.858396,Kopikina,-6.2238361815694265,106.84963741442827,Coffee Shop
719,Tebet,-6.2260164,106.858396,Pempek 161 Tebet Raya,-6.228988878361807,106.85435042064097,Seafood Restaurant
720,Tebet,-6.2260164,106.858396,apotik century,-6.230837821960449,106.84937286376953,Pharmacy
721,Tebet,-6.2260164,106.858396,Jl. Manggarai Selatan 5 no 32,-6.2185298604867,106.85324099564282,Arcade
722,Tebet,-6.2260164,106.858396,Journey Coffee,-6.224286666597035,106.85207308189572,Coffee Shop
723,Tebet,-6.2260164,106.858396,Fish Streat,-6.232746380415964,106.85642353783327,Fish & Chips Shop
724,Tebet,-6.2260164,106.858396,Jalan Otista 3,-6.229403810916542,106.86728975788823,Fast Food Restaurant
725,Tebet,-6.2260164,106.858396,Orocolato,-6.232272629689331,106.85593773753799,Café
726,Tebet,-6.2260164,106.858396,DIVA Karaoke Family Tebet,-6.225150816846953,106.85514830337284,Karaoke Bar
727,Tebet,-6.2260164,106.858396,Sedap Wangi,-6.224755459383443,106.854144021966,Bakery
728,Tebet,-6.2260164,106.858396,Bakmi Berdikari,-6.2324063958315365,106.85651902205447,Asian Restaurant
729,Tebet,-6.2260164,106.858396,Kaledo (Sup Sumsum Kaki & Iga Sapi),-6.2250900436995735,106.85232480215171,Indonesian Restaurant
730,Tebet,-6.2260164,106.858396,Endorse Delight Store,-6.227881751017987,106.85479511786173,Boutique
731,Tebet,-6.2260164,106.858396,Cibiuk Sunda Resto,-6.224685410737298,106.85460121330703,Sundanese Restaurant
732,Tebet,-6.2260164,106.858396,Rumah Makan Taliwang Bersaudara,-6.229585958871593,106.84909396649113,Indonesian Restaurant
733,Tebet,-6.2260164,106.858396,Warung Desa,-6.224915264127925,106.85651947594553,Asian Restaurant
734,Tebet,-6.2260164,106.858396,Mamink Daeng Tata,-6.223956964851381,106.85163110977759,BBQ Joint
735,Tebet,-6.2260164,106.858396,Rumah Tebet Cafe,-6.226931182251919,106.85483137801916,Pool Hall
736,Tebet,-6.2260164,106.858396,"Mie jogja, Tebet Timur",-6.228731107582694,106.85473341936283,Indonesian Restaurant
737,Tebet,-6.2260164,106.858396,ruangrupa,-6.232206424201682,106.85366486604005,Art Gallery
738,Tebet,-6.2260164,106.858396,sushi-ya,-6.228552639103924,106.85510902972237,Sushi Restaurant
739,Tebet,-6.2260164,106.858396,La Voice Music Studio,-6.227585402717052,106.85280882845596,Recording Studio
740,Tebet,-6.2260164,106.858396,Bebek Ginyo,-6.227277282835515,106.8549206101981,Indonesian Restaurant
741,Tebet,-6.2260164,106.858396,Honda arista jatinegara,-6.220781417793323,106.86529656890086,Automotive Shop
742,Tebet,-6.2260164,106.858396,Comic Cafe,-6.228387252201125,106.85518305715652,Café
743,Tebet,-6.2260164,106.858396,Pasar PSPT,-6.234575446055936,106.85689077210992,Farmers Market
744,Tebet,-6.2260164,106.858396,DeJons Burger & Torry Coffee,-6.228006630073214,106.85520162558619,Burger Joint
745,Tebet,-6.2260164,106.858396,Bakso Nikki,-6.223441649384836,106.84937529753094,Asian Restaurant
746,Tebet,-6.2260164,106.858396,Diva Family Karaoke,-6.22853967734489,106.85513818798619,Karaoke Bar
747,Tebet,-6.2260164,106.858396,Circle K,-6.21988386118772,106.86476414191134,Convenience Store
748,Tebet,-6.2260164,106.858396,Ikan Bakar Duta Makassar,-6.2241311631813625,106.85101102171959,Seafood Restaurant
749,Tebet,-6.2260164,106.858396,WAFA 99,-6.232013390732406,106.85537334123136,Asian Restaurant
750,Tebet,-6.2260164,106.858396,Dunkin',-6.225280726421226,106.85505696054527,Donut Shop
